v 0.074270 0.175230 -0.057821
v 0.059001 0.171053 -0.063222
v 0.056841 0.182573 -0.042963
v 0.079761 0.184956 -0.036044
v 0.097782 0.171746 -0.053501
v 0.087234 0.166107 -0.069138
v 0.074356 0.156651 -0.074014
v 0.015106 0.174216 0.114691
v 0.018563 0.164074 0.120903
v 0.034107 0.167753 0.117892
v 0.023098 0.185026 0.110556
v 0.009673 0.186612 0.101545
v 0.008934 0.175497 0.106643
v 0.014824 0.183637 0.056490
v 0.021271 0.188252 0.051178
v 0.016828 0.195072 0.040747
v 0.013294 0.193590 0.040588
v 0.009447 0.192239 0.063159
v 0.007986 0.197928 0.065145
v 0.020389 0.194305 0.061546
v 0.018504 0.190691 0.059833
v -0.151908 0.069723 0.145024
v -0.153615 0.048560 0.146842
v -0.136034 0.047812 0.180712
v -0.135058 0.068266 0.186978
v -0.124708 0.085279 0.190418
v -0.137651 0.091792 0.158462
v -0.142416 0.094493 0.137214
v -0.149463 0.084366 0.129707
v -0.133630 0.116693 0.086757
v -0.126874 0.107973 0.098209
v -0.113377 0.128049 0.089493
v -0.123810 0.131998 0.080277
v -0.134164 0.131639 0.063238
v -0.147666 0.104370 0.075332
v -0.112330 0.055846 -0.184245
v -0.103172 0.064994 -0.179242
v -0.088851 0.039341 -0.191924
v -0.099204 0.037240 -0.201876
v -0.036642 0.171538 0.027722
v -0.029734 0.182411 0.023751
v -0.048565 0.187160 0.012187
v -0.053952 0.177151 0.015998
v -0.059636 0.166004 0.021126
v 0.128236 0.156652 -0.003863
v 0.135234 0.145845 -0.001327
v 0.153991 0.136859 -0.016249
v 0.141830 0.149894 -0.015912
v 0.171896 0.053463 0.099610
v 0.191861 0.052733 0.076641
v 0.186540 0.076646 0.067166
v 0.171197 0.087098 0.086715
v 0.154819 0.096750 0.101791
v 0.157685 0.067757 0.114384
v 0.156332 0.032657 0.114388
v 0.177906 0.034899 0.104720
v 0.150798 0.041428 0.119918
v 0.195774 0.034679 0.077587
v -0.062220 0.205708 -0.060332
v -0.059469 0.201085 -0.072697
v -0.065879 0.197491 -0.072638
v -0.068874 0.202346 -0.056109
v -0.064145 0.207573 -0.040678
v -0.056703 0.209654 -0.050175
v -0.088836 0.155481 0.073418
v -0.096873 0.160626 0.064663
v -0.112549 0.147585 0.067967
v -0.093114 0.139892 0.078826
v -0.106433 0.123774 0.096802
v -0.087628 0.134439 0.088705
v -0.108513 0.159812 -0.015140
v -0.111800 0.146567 0.007328
v -0.088510 0.156456 0.020407
v -0.084495 0.164355 0.008594
v -0.076624 0.181047 0.002366
v -0.092346 0.181951 -0.017128
v -0.094420 0.180894 -0.043229
v -0.111497 0.161943 -0.044914
v -0.134298 0.141156 -0.052748
v -0.134807 0.134412 -0.025318
v -0.134034 0.129199 0.002240
v -0.170230 0.083089 -0.126484
v -0.147317 0.085351 -0.151061
v -0.157375 0.062058 -0.155424
v -0.181849 0.066593 -0.121428
v -0.031043 0.174289 0.063304
v -0.015555 0.176023 0.064420
v -0.014708 0.182918 0.050808
v -0.028198 0.181410 0.049802
v -0.046003 0.178849 0.046574
v -0.047172 0.176666 0.059793
v -0.022339 0.177347 0.078500
v -0.078963 0.068796 -0.189837
v -0.070470 0.088701 -0.188131
v -0.055971 0.070523 -0.204374
v -0.072158 0.051628 -0.196227
v -0.079178 0.041192 -0.187841
v -0.091473 0.062900 -0.180205
v -0.087206 0.092058 -0.174484
v -0.002680 0.048920 -0.214650
v -0.006419 0.054239 -0.219797
v 0.011882 0.067652 -0.201335
v 0.014933 0.058667 -0.199345
v -0.014442 0.034723 -0.214837
v -0.027163 0.046514 -0.222541
v 0.008156 0.039500 -0.209066
v 0.007096 0.200697 -0.064483
v 0.004939 0.183402 -0.099358
v -0.019646 0.183693 -0.103751
v -0.022998 0.197418 -0.068504
v 0.096578 0.180497 -0.027906
v 0.108123 0.172466 -0.036005
v 0.073340 0.193738 -0.007910
v 0.094948 0.182300 -0.005299
v 0.117958 0.169643 -0.015993
v 0.139168 0.041843 0.141538
v 0.143653 0.045151 0.128956
v 0.148495 0.072937 0.128347
v 0.140404 0.073394 0.140396
v 0.133729 0.044909 0.153130
v 0.132015 0.069676 0.152153
v 0.124191 0.063936 0.167559
v 0.117008 0.059000 0.177987
v 0.127974 0.036867 0.153377
v 0.043909 0.159109 0.134237
v 0.040380 0.176115 0.107869
v 0.033863 0.161519 0.123484
v 0.064708 0.174734 0.107243
v 0.042313 0.179419 0.095574
v 0.057321 0.156116 0.150390
v 0.083370 0.162626 0.122380
v 0.021451 0.159110 0.150538
v 0.020134 0.151262 0.164671
v 0.014009 0.133491 0.179707
v 0.044505 0.128366 0.184520
v 0.068396 0.119564 0.186000
v 0.081816 0.137317 0.156733
v 0.028273 0.189498 0.084754
v 0.020501 0.195938 0.078414
v 0.011449 0.192879 0.091620
v 0.024505 0.189152 0.103520
v -0.052695 0.168647 0.108208
v -0.040191 0.165914 0.107637
v -0.038036 0.177097 0.095562
v -0.056576 0.174828 0.101319
v -0.073071 0.169448 0.110719
v -0.063915 0.165719 0.119546
v -0.047025 0.162113 0.128052
v 0.053576 -0.000478 0.060992
v 0.051472 -0.000610 0.043839
v 0.077252 -0.000577 0.044907
v 0.069668 -0.000510 0.065477
v 0.055703 -0.000635 0.085085
v 0.038182 -0.000511 0.070190
v 0.028022 -0.000730 0.052458
v -0.042356 0.200435 -0.058853
v -0.044869 0.206874 -0.033206
v -0.030360 0.197622 -0.008176
v -0.023569 0.204097 -0.016422
v -0.014245 0.206445 -0.025903
v -0.032229 0.203435 -0.066152
v -0.051346 0.196212 -0.065010
v -0.077414 0.185521 -0.061511
v -0.071724 0.191545 -0.070180
v -0.079552 0.179213 -0.084535
v -0.086965 0.176148 -0.068423
v -0.081009 0.191404 -0.049003
v -0.074364 0.198623 -0.053228
v -0.032497 0.167348 0.081398
v -0.041514 0.161043 0.084740
v -0.047468 0.167606 0.089998
v -0.033510 0.175662 0.086068
v -0.024521 0.169441 0.075812
v -0.131775 0.110445 0.127358
v -0.124282 0.120038 0.120694
v -0.121870 0.112882 0.112619
v -0.137867 0.095816 0.120553
v -0.133826 0.107804 0.138266
v -0.179078 0.087769 -0.104893
v -0.168179 0.104377 -0.100002
v -0.152599 0.109203 -0.120228
v -0.181278 0.070818 -0.087593
v -0.174459 0.094583 -0.080450
v -0.120256 0.028285 -0.184506
v -0.126614 0.024527 -0.172746
v -0.133151 0.039618 -0.173610
v -0.120429 0.040044 -0.189686
v -0.104770 0.030664 -0.200751
v -0.110677 0.022346 -0.193235
v -0.121746 0.013510 -0.175504
v -0.095514 0.001623 -0.180516
v -0.092267 0.015513 -0.193890
v -0.134667 0.004456 -0.146925
v -0.141245 0.011492 -0.148970
v -0.096438 0.000080 -0.168273
v -0.126019 0.000406 -0.144626
v -0.118392 0.045246 -0.189683
v -0.126875 0.057067 -0.175665
v -0.128255 0.080780 -0.170817
v -0.101995 0.097097 -0.167509
v -0.082136 0.025867 -0.198479
v -0.070029 0.027286 -0.198980
v -0.064000 0.020225 -0.205115
v -0.084040 0.021994 -0.196860
v -0.048782 0.010339 -0.201964
v -0.054561 0.003424 -0.196004
v -0.089315 0.017569 -0.194652
v -0.061187 0.016356 -0.203929
v -0.051458 0.026095 -0.209005
v -0.038391 0.021900 -0.208364
v -0.043038 0.034104 -0.213774
v -0.058437 0.030666 -0.209927
v -0.046110 0.042016 -0.216707
v -0.045167 0.107600 -0.184005
v -0.072269 0.120800 -0.164443
v -0.059040 0.142120 -0.149303
v -0.039327 0.139630 -0.156481
v -0.010006 0.134493 -0.163172
v -0.009081 0.107468 -0.183650
v -0.014039 0.067982 -0.219733
v -0.030532 0.062256 -0.222803
v -0.007898 0.083327 -0.208064
v 0.022293 0.131723 -0.153220
v 0.039481 0.109936 -0.163577
v 0.027809 0.086590 -0.177203
v 0.018710 0.092921 -0.183116
v 0.043739 0.138126 -0.132205
v 0.061705 0.121895 -0.145431
v 0.051282 0.101546 -0.169546
v 0.079530 0.104810 -0.163887
v 0.080907 0.079103 -0.184383
v 0.045818 0.083017 -0.181688
v 0.022500 0.189676 -0.062194
v 0.027735 0.177741 -0.087878
v 0.061939 0.193371 0.025418
v 0.062123 0.192367 0.019580
v 0.054292 0.194660 0.020516
v 0.054949 0.192836 0.026954
v 0.081434 0.182436 0.023773
v 0.077663 0.188110 0.016524
v 0.079811 0.194373 0.032825
v 0.109916 0.175412 0.022907
v 0.111500 0.168945 0.015866
v 0.111480 0.160424 0.007850
v 0.093066 0.170728 0.015891
v 0.093208 0.175155 0.010778
v 0.132822 0.145794 0.004980
v 0.157428 0.128536 -0.001638
v 0.174281 0.114050 0.001069
v 0.176000 0.110401 -0.013996
v 0.113858 0.163097 -0.000071
v 0.152493 0.141737 0.017050
v 0.156315 0.132121 0.004959
v 0.134669 0.152581 0.010070
v 0.138307 0.156231 0.022824
v 0.163624 0.128705 0.025757
v 0.169733 0.119316 0.012550
v 0.206731 0.037611 -0.013759
v 0.201220 0.045111 -0.059804
v 0.196540 0.066461 -0.064099
v 0.200951 0.062500 -0.023757
v 0.200132 0.049674 0.005802
v 0.198782 0.043288 0.015709
v 0.204724 0.034047 0.018393
v 0.206112 0.039612 0.030622
v 0.204786 0.049068 0.029183
v 0.204706 0.049521 0.048706
v 0.205477 0.033842 0.044476
v 0.205398 0.023262 0.030220
v 0.196202 0.022215 0.075938
v 0.193108 0.011134 0.073877
v 0.201473 0.011616 0.031600
v 0.138485 0.035307 0.138925
v 0.152070 0.025555 0.134234
v 0.110003 0.045509 0.200226
v 0.129070 0.029522 0.160518
v 0.106265 0.083576 0.184015
v 0.092736 0.074607 0.205221
v 0.049433 0.181251 0.077862
v 0.029983 0.193132 0.071080
v 0.019586 0.159926 0.137431
v 0.049877 0.059022 0.249710
v 0.035888 0.059107 0.260926
v 0.032396 0.038141 0.272785
v 0.056703 0.042959 0.261373
v -0.001947 0.175828 0.098650
v -0.002006 0.185255 0.101370
v -0.012723 0.185439 0.100000
v -0.009413 0.167651 0.102693
v -0.000316 0.166475 0.115238
v -0.021331 0.161858 0.111455
v -0.008650 0.163014 0.128580
v -0.030991 0.157382 0.135900
v -0.010761 0.163283 0.147709
v -0.019985 0.180431 0.094271
v -0.068918 0.066409 0.233738
v -0.035245 0.053383 0.247880
v -0.030393 0.084623 0.231093
v -0.046123 0.082234 0.227288
v -0.081865 0.095623 0.206564
v -0.098870 0.070336 0.216460
v -0.110820 0.055151 0.214638
v -0.076178 0.041363 0.244189
v -0.044493 0.036515 0.260302
v -0.073183 -0.000146 -0.147348
v -0.081312 -0.000045 -0.159734
v -0.052016 -0.000016 -0.170440
v -0.052263 -0.000175 -0.153915
v -0.057550 -0.000283 -0.126728
v -0.085180 -0.000140 -0.127672
v -0.105109 0.000004 -0.135065
v 0.078304 -0.000597 -0.102255
v 0.089332 -0.000239 -0.116007
v 0.105974 -0.000493 -0.100238
v 0.081702 -0.000751 -0.086642
v 0.059203 -0.000825 -0.080822
v 0.058173 -0.000457 -0.103130
v 0.070378 -0.000303 -0.126759
v 0.004669 -0.000148 0.242982
v -0.011673 -0.000217 0.233093
v 0.004436 -0.000145 0.218430
v 0.019820 0.000093 0.233569
v 0.027049 0.000112 0.251145
v 0.003971 0.000014 0.252903
v -0.018258 -0.000121 0.250441
v -0.035871 0.191207 -0.002732
v -0.019927 0.192532 0.013257
v -0.015062 0.189276 0.013685
v -0.006405 0.190874 0.029553
v 0.002652 0.194420 0.027158
v -0.001745 0.200284 0.003664
v -0.009516 0.186518 0.033314
v 0.029365 0.190588 0.053651
v 0.029055 0.192611 0.048421
v 0.023476 0.191314 0.057012
v 0.036710 0.189683 0.049458
v 0.036078 0.193040 0.044745
v 0.002149 0.185842 0.051244
v -0.006354 0.183573 0.048356
v 0.055147 0.173031 0.070592
v 0.080387 0.168318 0.084237
v 0.088073 0.171782 0.071848
v 0.061205 0.166971 0.065935
v 0.071606 0.174554 0.097058
v 0.091224 0.168278 0.113331
v 0.105419 0.165509 0.090718
v 0.125041 0.152048 0.101775
v 0.132511 0.138377 0.076926
v 0.113277 0.159875 0.075180
v 0.109410 0.153584 0.128400
v 0.122049 0.129395 0.133451
v 0.135282 0.130184 0.113684
v 0.098354 0.144919 0.131429
v 0.108995 0.123343 0.141058
v 0.121908 0.098932 0.150022
v 0.132548 0.104222 0.138274
v 0.098018 0.117365 0.159778
v 0.113255 0.090048 0.165094
v 0.086812 0.105786 0.185003
v 0.058849 0.103659 0.213000
v 0.075943 0.091406 0.210596
v 0.044636 0.082604 0.239879
v 0.055580 0.073995 0.236119
v 0.075690 0.065275 0.236245
v 0.088222 0.046483 0.231873
v 0.062766 0.033029 0.261571
v 0.033537 0.024623 0.275950
v 0.033411 0.013144 0.275700
v 0.065691 0.021211 0.261006
v 0.090529 0.031664 0.230761
v 0.064500 0.009361 0.256373
v 0.087828 0.020609 0.227083
v 0.107257 0.019549 0.197287
v 0.111020 0.033447 0.198512
v 0.081513 0.009178 0.219789
v 0.101678 0.007861 0.193205
v 0.122971 0.010462 0.166217
v 0.130083 0.016557 0.171810
v 0.133449 0.023983 0.169769
v 0.149398 0.007043 0.140232
v 0.155785 0.011500 0.143221
v 0.157295 0.020619 0.144978
v 0.170038 0.004576 0.107089
v 0.176035 0.008288 0.109705
v 0.180716 0.015090 0.111772
v 0.182246 0.025916 0.113388
v 0.190374 0.004362 0.072532
v 0.185867 0.000235 0.071102
v 0.194881 0.000401 0.030378
v 0.198824 0.004703 0.030723
v 0.195801 0.000719 -0.010890
v 0.199196 0.005458 -0.011483
v 0.201437 0.011788 -0.011743
v 0.204940 0.022363 -0.011530
v 0.194443 0.006342 -0.051605
v 0.196161 0.014182 -0.053538
v 0.199850 0.027229 -0.056556
v 0.190863 0.013174 -0.089673
v 0.193679 0.026298 -0.092361
v 0.194360 0.045585 -0.096677
v 0.187238 0.065056 -0.098422
v 0.176524 0.023780 -0.122633
v 0.173589 0.041734 -0.123774
v 0.164551 0.061411 -0.123817
v 0.148963 0.086972 -0.118863
v 0.173556 0.090207 -0.098539
v 0.148069 0.037000 -0.136787
v 0.143828 0.055502 -0.129019
v 0.135908 0.079238 -0.120094
v 0.122508 0.102622 -0.110416
v 0.135545 0.111477 -0.108929
v 0.136342 0.054681 -0.140455
v 0.127465 0.075752 -0.125315
v 0.115776 0.096410 -0.109455
v 0.102667 0.119232 -0.096069
v 0.110245 0.124753 -0.099841
v 0.122923 0.078753 -0.135858
v 0.112543 0.099015 -0.118595
v 0.098086 0.120302 -0.106080
v 0.077776 0.137735 -0.099025
v 0.084808 0.138870 -0.088590
v 0.098868 0.102097 -0.143576
v 0.083026 0.120881 -0.126166
v 0.061914 0.138075 -0.114479
v 0.044748 0.153042 -0.097850
v 0.055216 0.149950 -0.090997
v 0.034166 0.160230 -0.109247
v 0.034553 0.172540 -0.080339
v 0.010997 0.160654 -0.128136
v -0.014169 0.161159 -0.133283
v -0.036769 0.162176 -0.132319
v -0.033939 0.184739 -0.104888
v -0.044207 0.183733 -0.099404
v -0.048037 0.162112 -0.127995
v -0.059706 0.158921 -0.116622
v -0.051088 0.177296 -0.092469
v -0.073652 0.139655 -0.135293
v -0.088152 0.142874 -0.126931
v -0.073641 0.161231 -0.111387
v -0.090524 0.122764 -0.152725
v -0.103242 0.125398 -0.143742
v -0.114277 0.126238 -0.127091
v -0.098715 0.145901 -0.117728
v -0.114141 0.103056 -0.158055
v -0.128888 0.106781 -0.136947
v -0.131576 0.129220 -0.110771
v -0.146702 0.127148 -0.089213
v -0.124780 0.146132 -0.081004
v -0.108315 0.144772 -0.101883
v -0.103489 0.160072 -0.072254
v -0.092858 0.162755 -0.094490
v -0.086520 0.164347 -0.104477
v -0.072642 0.181107 -0.091521
v -0.063743 0.180674 -0.096300
v -0.156679 0.119656 -0.065926
v -0.157440 0.113345 -0.033198
v -0.172647 0.091199 -0.035826
v -0.167556 0.086621 0.002459
v -0.153626 0.109382 0.001788
v -0.182664 0.067121 -0.038581
v -0.175324 0.062182 -0.000472
v -0.170160 0.060242 0.035372
v -0.162443 0.085590 0.038305
v -0.180965 0.043476 -0.041633
v -0.175912 0.041198 -0.004478
v -0.172379 0.039529 0.032093
v -0.168602 0.039886 0.068688
v -0.166567 0.060234 0.071227
v -0.173569 0.022311 -0.007344
v -0.171823 0.022014 0.029788
v -0.168934 0.022863 0.067333
v -0.162958 0.023438 0.106069
v -0.162861 0.041754 0.106996
v -0.168025 0.010778 0.028268
v -0.165905 0.011923 0.066181
v -0.160896 0.010228 0.104852
v -0.151855 0.010242 0.143920
v -0.155703 0.025428 0.146450
v -0.162567 0.003145 0.065032
v -0.155987 0.002382 0.103132
v -0.145780 0.003044 0.140906
v -0.128750 0.001376 0.174833
v -0.133429 0.009433 0.177812
v -0.147503 -0.000056 0.100508
v -0.136674 0.000057 0.136652
v -0.119903 0.000102 0.169461
v -0.095813 -0.000046 0.197406
v -0.103045 0.000236 0.203054
v -0.122469 0.000040 0.130474
v -0.105609 -0.000043 0.160829
v -0.083602 0.000150 0.187650
v -0.057893 -0.000152 0.209222
v -0.067997 -0.000039 0.219662
v -0.084756 -0.000191 0.148716
v -0.064797 -0.000209 0.173160
v -0.041599 -0.000306 0.193441
v -0.017576 -0.000272 0.207976
v -0.032792 -0.000161 0.225374
v -0.038882 -0.000312 0.155503
v -0.017779 -0.000454 0.174666
v 0.004640 -0.000295 0.191281
v 0.027137 -0.000023 0.208398
v 0.007421 -0.000398 0.157214
v 0.029050 -0.000379 0.175163
v 0.049929 -0.000054 0.192500
v 0.064054 0.000050 0.203959
v 0.042144 0.000196 0.223824
v 0.054968 -0.000254 0.156428
v 0.073652 -0.000121 0.170989
v 0.086442 0.000020 0.181522
v 0.096134 0.000384 0.189351
v 0.074967 0.000409 0.213334
v 0.099839 -0.000026 0.148835
v 0.111369 0.000151 0.157838
v 0.119437 0.001219 0.164219
v 0.135399 0.000042 0.130345
v 0.142397 0.002149 0.135973
v 0.156211 0.000043 0.100404
v 0.164500 0.000337 0.105068
v 0.170288 -0.000032 0.066645
v 0.179395 0.000064 0.069394
v 0.180221 -0.000081 0.028947
v 0.189109 0.000071 0.029584
v 0.180840 -0.000172 -0.008665
v 0.189525 0.000077 -0.009723
v 0.175875 -0.000075 -0.045076
v 0.184196 -0.000167 -0.047917
v 0.190727 0.000838 -0.049917
v 0.176391 -0.000072 -0.081555
v 0.183549 0.000402 -0.085631
v 0.188373 0.005061 -0.088342
v 0.167366 0.000662 -0.112677
v 0.171171 0.005026 -0.116565
v 0.173680 0.011911 -0.119096
v 0.151090 0.003620 -0.136142
v 0.151404 0.010975 -0.136584
v 0.151259 0.022281 -0.137091
v 0.137966 0.009909 -0.157433
v 0.140451 0.021346 -0.158653
v 0.139870 0.037710 -0.154633
v 0.119203 0.019786 -0.180304
v 0.124018 0.037264 -0.178028
v 0.124750 0.060532 -0.163384
v 0.087299 0.033311 -0.188411
v 0.094152 0.051085 -0.181645
v 0.103615 0.078716 -0.163002
v 0.063971 0.055609 -0.192238
v 0.051443 0.035939 -0.193148
v 0.022045 0.037058 -0.193712
v 0.032231 0.058873 -0.188390
v 0.044913 0.017520 -0.192022
v 0.015660 0.018485 -0.200416
v -0.008946 0.019379 -0.208006
v 0.013777 0.007460 -0.199895
v -0.015363 0.009801 -0.204354
v 0.012053 0.002312 -0.196668
v -0.016879 0.003123 -0.200856
v 0.010117 -0.000013 -0.191044
v -0.018839 0.000330 -0.194052
v -0.052498 0.000439 -0.188879
v -0.020725 0.000057 -0.185232
v -0.052471 0.000094 -0.180408
v -0.086433 0.000055 -0.168736
v -0.116738 0.000039 -0.140596
v -0.136202 0.000009 -0.110189
v -0.146742 0.000318 -0.112909
v -0.121097 0.000023 -0.106020
v -0.128349 -0.000017 -0.076589
v -0.143185 0.000007 -0.078823
v -0.096233 -0.000136 -0.100464
v -0.101583 -0.000212 -0.073223
v -0.102882 -0.000310 -0.043983
v -0.129343 -0.000103 -0.044896
v -0.065408 -0.000437 -0.098536
v -0.070508 -0.000439 -0.071883
v -0.072726 -0.000456 -0.044493
v -0.072115 -0.000403 -0.015997
v -0.101413 -0.000581 -0.012987
v -0.041097 -0.000564 -0.073137
v -0.043312 -0.000591 -0.046586
v -0.043046 -0.000309 -0.020253
v -0.040584 -0.000370 0.006056
v -0.068950 -0.000396 0.012628
v -0.015133 -0.000434 -0.049676
v -0.014688 -0.000322 -0.024838
v -0.012542 -0.000729 -0.000671
v -0.008704 -0.000762 0.022592
v -0.036003 -0.000558 0.032008
v 0.013202 -0.000725 -0.029766
v 0.015592 -0.000778 -0.007463
v 0.018817 -0.000690 0.013794
v 0.022849 -0.000748 0.033653
v -0.003009 -0.000677 0.044904
v 0.044173 -0.000752 -0.013428
v 0.047360 -0.000692 0.006934
v 0.050018 -0.000684 0.026231
v 0.076842 -0.000752 0.002368
v 0.078677 -0.000700 0.023813
v 0.107813 -0.000664 0.023728
v 0.103733 -0.000435 0.049774
v 0.107055 -0.000613 -0.001280
v 0.137088 -0.000502 -0.005012
v 0.136504 -0.000414 0.025126
v 0.073519 -0.000699 -0.018852
v 0.103519 -0.000650 -0.025062
v 0.133804 -0.000399 -0.033236
v 0.159809 -0.000240 -0.040121
v 0.163862 -0.000367 -0.006967
v 0.098086 -0.000657 -0.047332
v 0.127823 -0.000432 -0.058519
v 0.153074 -0.000059 -0.070092
v 0.167294 -0.000045 -0.076994
v 0.118505 -0.000322 -0.080268
v 0.141167 0.000034 -0.093889
v 0.152796 -0.000103 -0.101772
v 0.161270 -0.000223 -0.107760
v 0.124028 0.000030 -0.114263
v 0.134938 -0.000161 -0.123159
v 0.141955 -0.000273 -0.128862
v 0.147438 -0.000058 -0.133264
v 0.116507 -0.000128 -0.142416
v 0.123747 -0.000086 -0.148659
v 0.129693 0.000198 -0.153456
v 0.134938 0.003528 -0.156825
v 0.100158 0.000033 -0.163878
v 0.106193 0.000276 -0.170134
v 0.111675 0.003936 -0.174841
v 0.115816 0.010782 -0.177663
v 0.072384 -0.000176 -0.179178
v 0.075930 0.002537 -0.184480
v 0.078387 0.009327 -0.185392
v 0.081932 0.018265 -0.188647
v 0.042319 0.003090 -0.191057
v 0.043621 0.008969 -0.191907
v 0.039898 0.000381 -0.185471
v 0.068444 -0.000070 -0.172645
v 0.037110 -0.000198 -0.178368
v 0.007924 -0.000044 -0.183125
v 0.033742 -0.000203 -0.169433
v 0.005228 -0.000045 -0.172858
v -0.022697 -0.000033 -0.174363
v 0.001684 -0.000275 -0.158923
v -0.025118 -0.000209 -0.158687
v -0.004437 -0.000357 -0.132576
v -0.030458 -0.000348 -0.130386
v -0.036736 -0.000583 -0.100541
v -0.010272 -0.000616 -0.102897
v -0.013710 -0.000814 -0.075398
v 0.021398 -0.000315 -0.132769
v 0.014798 -0.000661 -0.104234
v 0.012185 -0.000816 -0.077475
v 0.011995 -0.000256 -0.052979
v 0.038120 -0.000424 -0.104291
v 0.036542 -0.000816 -0.078977
v 0.038333 -0.000761 -0.056160
v 0.041076 -0.000818 -0.034502
v 0.064200 -0.000788 -0.060254
v 0.069243 -0.000683 -0.039757
v 0.090930 -0.000746 -0.067810
v 0.046879 -0.000088 -0.131403
v 0.057021 -0.000387 -0.152083
v 0.084731 -0.000289 -0.145403
v 0.028904 -0.000112 -0.155955
v 0.063810 -0.000116 -0.164851
v 0.093667 -0.000064 -0.156299
v 0.106213 -0.000339 -0.132519
v 0.161888 -0.000157 0.027533
v 0.153985 -0.000131 0.062120
v 0.130986 -0.000279 0.055995
v 0.142861 -0.000014 0.094465
v 0.120196 -0.000183 0.085470
v 0.093783 -0.000467 0.074960
v 0.103532 -0.000194 0.111869
v 0.078180 -0.000374 0.098180
v 0.081427 -0.000227 0.135371
v 0.057185 -0.000403 0.119549
v 0.035939 -0.000594 0.103688
v 0.032704 -0.000301 0.139157
v 0.012438 -0.000537 0.121402
v -0.004797 -0.000444 0.101860
v 0.018438 -0.000560 0.085991
v -0.018340 -0.000457 0.080285
v 0.005782 -0.000682 0.065974
v -0.028826 -0.000606 0.056976
v -0.044648 -0.000505 0.094458
v -0.055624 -0.000530 0.068766
v -0.063470 -0.000259 0.041059
v -0.083451 -0.000450 0.079926
v -0.091495 -0.000506 0.049511
v -0.097548 -0.000576 0.018355
v -0.118243 -0.000516 0.056215
v -0.123742 -0.000410 0.022223
v -0.128274 -0.000250 -0.011405
v -0.142025 -0.000050 0.024394
v -0.145192 0.000189 -0.011011
v -0.145144 0.000099 -0.045096
v -0.157133 0.000476 -0.010600
v -0.154999 0.000076 -0.045043
v -0.152502 0.000276 -0.080224
v -0.163383 0.001400 -0.046273
v -0.159582 0.002950 -0.080866
v -0.155081 0.004003 -0.114946
v -0.168951 0.012991 -0.081277
v -0.163092 0.012694 -0.116838
v -0.182914 0.027572 -0.081944
v -0.173548 0.026256 -0.119016
v -0.149970 0.023581 -0.152114
v -0.181761 0.045243 -0.121540
v -0.158751 0.040431 -0.155655
v -0.186649 0.046039 -0.083393
v -0.173902 0.026660 -0.044193
v -0.168113 0.010008 -0.045807
v -0.170432 0.008700 -0.009601
v -0.165388 0.002013 -0.009879
v -0.164500 0.002737 0.027221
v -0.156302 0.000207 0.026045
v -0.153815 0.000219 0.063238
v -0.137603 -0.000136 0.060035
v -0.132692 0.000103 0.096063
v -0.110827 -0.000280 0.089367
v -0.100436 -0.000126 0.120961
v -0.072363 -0.000306 0.108241
v -0.057458 -0.000227 0.133391
v -0.030302 -0.000411 0.117655
v -0.012669 -0.000382 0.138460
v 0.124335 0.000101 0.123453
v 0.059300 0.002785 0.246968
v 0.052322 0.000723 0.236839
v 0.030624 0.000362 0.262790
v 0.032953 0.004009 0.271695
v 0.003703 0.007728 0.274977
v 0.004439 0.001557 0.267006
v -0.023875 0.004897 0.273097
v -0.021596 0.000048 0.262607
v -0.051239 0.006071 0.255505
v -0.047670 0.000010 0.249093
v -0.041676 0.000018 0.238897
v -0.074637 -0.000034 0.227752
v -0.079017 0.006508 0.233088
v -0.108185 0.008845 0.206729
v -0.081094 0.017203 0.237220
v -0.112315 0.021485 0.210000
v -0.136274 0.026332 0.179156
v -0.114570 0.038872 0.211806
v -0.081022 0.029835 0.241947
v -0.051539 0.026625 0.264419
v -0.052608 0.015914 0.260721
v -0.024390 0.015243 0.275785
v -0.023077 0.025552 0.274979
v 0.005510 0.027317 0.283442
v 0.003937 0.046778 0.280849
v -0.023228 0.040806 0.269585
v 0.004294 0.015639 0.280993
v 0.013344 0.072494 0.265085
v -0.024789 0.064169 0.255089
v 0.031040 0.094771 0.239901
v -0.000278 0.096317 0.234681
v 0.038203 0.112033 0.211690
v 0.007419 0.117205 0.207776
v -0.022038 0.114388 0.206157
v -0.012614 0.136533 0.175347
v -0.036742 0.140356 0.172251
v -0.045858 0.115444 0.202922
v -0.061751 0.145552 0.166915
v -0.072287 0.125031 0.189480
v -0.086594 0.150952 0.156410
v -0.097554 0.130762 0.174764
v -0.107642 0.107721 0.189169
v -0.116369 0.130248 0.154688
v -0.127187 0.108733 0.159618
v -0.122197 0.125311 0.134960
v -0.102218 0.147520 0.140838
v -0.109679 0.142639 0.126035
v -0.111077 0.137380 0.113623
v -0.095520 0.157044 0.113378
v -0.096058 0.152332 0.102974
v -0.088635 0.143969 0.096594
v -0.107857 0.130240 0.104574
v -0.121391 0.107437 0.106069
v -0.144056 0.087157 0.104277
v -0.141838 0.089502 0.115154
v -0.157986 0.075744 0.107998
v -0.074953 0.165856 0.094269
v -0.068849 0.156746 0.091808
v -0.064835 0.148213 0.085649
v -0.038300 0.155251 0.075789
v -0.066187 0.147205 0.075271
v -0.041344 0.160714 0.069697
v -0.068271 0.157440 0.072286
v -0.071162 0.167433 0.065670
v -0.073080 0.174755 0.053913
v -0.099567 0.164098 0.050581
v -0.069534 0.173527 0.040393
v -0.094158 0.163664 0.033379
v -0.116315 0.148131 0.028490
v -0.118815 0.149038 0.053509
v -0.135474 0.129899 0.031761
v -0.151228 0.108558 0.036969
v -0.159153 0.081125 0.076334
v -0.064548 0.164866 0.031382
v -0.042139 0.170944 0.037371
v -0.022935 0.174137 0.039649
v -0.013092 0.180569 0.035883
v -0.025328 0.188808 0.020268
v -0.041860 0.194444 0.005388
v -0.051958 0.199387 -0.022499
v -0.060027 0.193393 -0.014345
v -0.069256 0.190254 -0.004733
v -0.069442 0.196630 -0.035814
v -0.079523 0.190839 -0.026625
v -0.053081 0.175157 0.089749
v -0.057035 0.180404 0.094801
v -0.037824 0.184804 0.092634
v -0.035640 0.181160 0.088383
v -0.077122 0.170513 0.102505
v -0.088620 0.158700 0.123263
v -0.076045 0.161661 0.136049
v -0.055791 0.158797 0.148999
v -0.034442 0.155021 0.154912
v -0.009447 0.156033 0.159104
v -0.021320 0.182838 0.086949
v -0.021574 0.181335 0.082189
v -0.003800 0.180523 0.074804
v -0.009114 0.182719 0.069401
v -0.005763 0.189182 0.075363
v 0.010981 0.180960 0.061307
v -0.004823 0.192447 0.081710
v 0.002482 0.192770 0.086932
v 0.015362 0.198279 0.068970
v 0.025728 0.196638 0.067425
v -0.162176 0.062994 0.108599
v 0.031349 0.183421 -0.056031
v 0.032799 0.174076 -0.048582
v 0.037849 0.164033 -0.073908
v 0.044001 0.173232 -0.044057
v 0.048026 0.160456 -0.066586
v 0.065833 0.154468 -0.082419
v 0.093253 0.142377 -0.085706
v 0.102401 0.150031 -0.082404
v 0.120912 0.133342 -0.097772
v 0.116044 0.158384 -0.070438
v 0.136852 0.142466 -0.086588
v 0.156837 0.116755 -0.096895
v 0.149653 0.138441 -0.065078
v 0.168567 0.114031 -0.071193
v 0.188681 0.088389 -0.068176
v 0.175387 0.109129 -0.041105
v 0.189246 0.086127 -0.033496
v 0.188691 0.086562 -0.006278
v 0.197034 0.062764 0.000392
v 0.184793 0.088141 0.007176
v 0.190537 0.063353 0.011622
v 0.186731 0.093912 0.019885
v 0.197629 0.067143 0.019559
v 0.182675 0.099971 0.034892
v 0.197866 0.073406 0.043402
v 0.174359 0.107702 0.054345
v 0.150611 0.141274 0.044738
v 0.139836 0.138335 0.065664
v 0.161935 0.116050 0.072107
v 0.147231 0.119954 0.087342
v 0.144341 0.104440 0.122722
v 0.122329 0.155503 0.054658
v 0.115080 0.151977 0.065304
v 0.093364 0.163833 0.050118
v 0.090738 0.165548 0.062459
v 0.068404 0.183849 0.050317
v 0.065223 0.176053 0.057606
v 0.102960 0.173983 0.046218
v 0.072143 0.187496 0.044247
v 0.048657 0.188917 0.045407
v 0.047737 0.187003 0.051546
v 0.112845 0.179153 0.036885
v 0.076758 0.193199 0.042006
v 0.066878 0.191342 0.042037
v 0.064843 0.195332 0.034349
v 0.059125 0.195699 0.034932
v 0.042141 0.193009 0.041404
v 0.049674 0.194202 0.038533
v 0.047662 0.192222 0.030346
v 0.039154 0.194743 0.033076
v 0.032573 0.199098 0.035626
v 0.036605 0.195801 0.022028
v 0.027890 0.197738 0.019837
v 0.020570 0.202483 0.020702
v 0.024167 0.197208 0.037459
v 0.011812 0.201819 0.022327
v 0.018920 0.206310 -0.003762
v 0.008422 0.204094 -0.003452
v 0.009453 0.206785 -0.035702
v -0.005413 0.201785 -0.033507
v 0.028217 0.197399 -0.002789
v 0.023288 0.197253 -0.033119
v 0.034734 0.187675 0.002554
v 0.031261 0.188348 -0.027595
v 0.042585 0.190451 0.003566
v 0.038184 0.179712 -0.021015
v 0.050486 0.200615 0.004358
v 0.047518 0.188625 -0.020108
v 0.059946 0.196228 0.009440
v 0.062445 0.196804 -0.018509
v 0.074735 0.189926 0.009012
v 0.098000 0.181689 0.003051
v 0.118689 0.168527 -0.006619
v 0.139887 0.152200 -0.030202
v 0.159330 0.132473 -0.039072
v 0.128397 0.158601 -0.052548
v 0.045371 0.196889 0.022761
v 0.118343 0.168300 0.043341
v -0.032984 0.085023 -0.205336
v -0.049945 0.051270 -0.215070
v -0.063482 0.036537 -0.205531
v 0.051671 0.188483 0.042084
v 0.044585 0.177877 0.057060
v 0.038120 0.184632 0.063268
v 0.053327 0.178687 0.057519
v 0.041241 0.182890 0.053832
v -0.045378 0.171839 0.064150
v 0.027743 0.192506 0.066238
v 0.034718 0.187538 0.059828
vn 0.038693 0.874413 -0.483637
vn -0.233691 0.706446 -0.668074
vn -0.267654 0.848268 -0.456950
vn 0.185504 0.928426 -0.321890
vn 0.300762 0.881729 -0.363451
vn 0.083708 0.744836 -0.661976
vn 0.125033 0.699630 -0.703480
vn -0.544584 0.401750 0.736224
vn -0.062048 0.839584 0.539674
vn 0.213684 0.594918 0.774863
vn 0.111646 0.696630 0.708690
vn -0.220997 0.696465 0.682713
vn -0.543179 0.588787 0.598570
vn -0.441042 0.885566 0.145789
vn -0.397219 0.879470 0.262200
vn -0.202275 0.840101 0.503304
vn -0.320678 0.852902 0.411977
vn -0.470555 0.138571 -0.871422
vn -0.451470 0.728219 -0.515627
vn -0.027293 0.771222 -0.635981
vn -0.342800 0.542314 -0.767062
vn -0.923448 0.248789 0.292144
vn -0.935072 0.092030 0.342302
vn -0.861760 -0.071877 0.502199
vn -0.838499 0.151173 0.523512
vn -0.680893 0.417135 0.601983
vn -0.843583 0.413401 0.342736
vn -0.846523 0.527274 0.073359
vn -0.839109 0.537081 0.086257
vn -0.668779 0.504305 0.546270
vn -0.535044 0.610877 0.583573
vn -0.282351 0.705593 0.649936
vn -0.503632 0.669146 0.546441
vn -0.772483 0.602731 0.199965
vn -0.834936 0.481088 0.267274
vn -0.325068 0.574515 -0.751175
vn -0.012020 0.412126 -0.911048
vn 0.374508 0.560669 -0.738508
vn 0.115086 0.352496 -0.928710
vn -0.373847 0.828483 0.416958
vn -0.439801 0.603460 0.665140
vn -0.346006 0.653498 0.673216
vn -0.366991 0.516408 0.773719
vn -0.299718 0.864604 0.403272
vn 0.506400 0.761865 0.403883
vn 0.611833 0.697627 0.372795
vn 0.711323 0.681856 0.170565
vn 0.693348 0.691477 0.202801
vn 0.697059 0.242484 0.674767
vn 0.807388 0.289337 0.514208
vn 0.831122 0.401621 0.384626
vn 0.781234 0.353553 0.514465
vn 0.816610 0.397365 0.418626
vn 0.818027 0.132102 0.559804
vn 0.542274 0.578135 0.609671
vn 0.524491 0.579641 0.623639
vn 0.763237 0.037241 0.645045
vn 0.902159 0.094121 0.421011
vn -0.355608 0.882301 -0.308363
vn 0.215811 0.829217 -0.515583
vn -0.574285 0.725748 -0.378796
vn -0.589015 0.779224 -0.214174
vn -0.453873 0.846308 0.278858
vn 0.159518 0.961875 -0.222150
vn -0.205233 0.574496 0.792359
vn -0.382784 0.792845 0.474208
vn -0.441134 0.712619 0.545504
vn -0.158080 0.661804 0.732821
vn -0.592931 0.800912 0.083504
vn -0.513399 0.857814 -0.024026
vn -0.703335 0.654213 0.278076
vn -0.552799 0.824302 0.122229
vn -0.318352 0.943283 -0.094180
vn -0.491645 0.685418 0.537110
vn -0.468622 0.623219 0.626092
vn -0.632737 0.722510 0.278609
vn -0.689861 0.712187 -0.129931
vn -0.701198 0.711111 -0.051401
vn -0.692987 0.719918 0.038561
vn -0.708827 0.688568 0.153097
vn -0.669418 0.740540 0.058991
vn -0.720593 0.451502 -0.526205
vn -0.567162 0.587135 -0.577581
vn -0.661828 0.222374 -0.715915
vn -0.927664 0.242584 -0.283888
vn -0.231568 0.825027 0.515468
vn -0.455166 0.885392 0.094364
vn -0.065363 0.980830 0.183574
vn -0.113535 0.990681 -0.075243
vn -0.118171 0.955659 -0.269725
vn -0.081059 0.869763 0.486767
vn -0.683446 0.607929 -0.404134
vn -0.539510 0.218513 -0.813130
vn -0.430362 0.486188 -0.760533
vn -0.456769 0.336865 -0.823337
vn -0.666954 0.043827 -0.743809
vn -0.298895 0.328570 -0.895937
vn -0.288308 0.208703 -0.934517
vn -0.419367 0.355220 -0.835434
vn 0.658581 -0.405205 -0.634098
vn 0.448270 -0.109305 -0.887190
vn 0.689358 0.229316 -0.687167
vn 0.604017 0.190842 -0.773785
vn 0.246836 -0.575623 -0.779571
vn -0.031326 -0.291287 -0.956123
vn 0.480557 -0.048491 -0.875622
vn 0.267703 0.907561 -0.323525
vn 0.255696 0.824726 -0.504427
vn 0.099096 0.871159 -0.480897
vn 0.255885 0.919792 -0.297500
vn 0.420504 0.897035 -0.136028
vn 0.451437 0.870277 -0.197035
vn 0.310527 0.949132 0.052158
vn 0.465473 0.881815 -0.075738
vn 0.547023 0.836385 -0.035009
vn 0.908085 -0.153048 0.389818
vn 0.873883 0.127249 0.469187
vn 0.837021 0.050713 0.544816
vn 0.807867 0.125630 0.575819
vn 0.775928 -0.224531 0.589510
vn 0.804679 0.197535 0.559886
vn 0.797795 0.194578 0.570669
vn 0.871819 0.121956 0.474404
vn 0.858461 0.080270 0.506559
vn -0.060043 0.954835 0.291007
vn 0.545687 0.702991 0.456102
vn 0.024349 0.798254 0.601829
vn 0.155696 0.929903 0.333227
vn 0.269184 0.930466 0.248543
vn 0.172827 0.867596 0.466270
vn 0.285555 0.763267 0.579553
vn 0.180376 0.927805 0.326560
vn 0.094514 0.734325 0.672186
vn 0.004209 0.765700 0.643184
vn 0.141848 0.789717 0.596847
vn 0.380892 0.717217 0.583542
vn 0.494083 0.655189 0.571497
vn 0.490081 0.847388 0.204338
vn 0.260001 0.932029 0.252430
vn -0.125945 0.931868 0.340235
vn 0.248840 0.904771 0.345643
vn 0.242122 0.821858 0.515681
vn 0.143919 0.858134 0.492842
vn 0.069598 0.553407 0.829998
vn 0.109483 0.763493 0.636468
vn -0.206223 0.906520 0.368365
vn 0.072946 0.951047 0.300315
vn 0.138001 0.966059 0.218373
vn 0.000395 -0.999995 0.003002
vn 0.004021 -0.999978 0.005346
vn 0.002860 -0.999982 0.005230
vn 0.000333 -0.999999 -0.000951
vn 0.003099 -0.999995 0.000648
vn 0.003144 -0.999994 0.001212
vn 0.003549 -0.999984 0.004498
vn -0.249614 0.946178 -0.206008
vn 0.197721 0.968025 0.154384
vn -0.374253 0.814800 0.442759
vn -0.204655 0.937907 0.280083
vn 0.130751 0.991412 0.002506
vn -0.024931 0.957016 -0.288961
vn 0.365999 0.769310 -0.523647
vn -0.716921 0.621739 -0.315380
vn -0.778665 0.587627 -0.219946
vn -0.635565 0.714436 -0.292640
vn -0.626390 0.744714 -0.230297
vn -0.720205 0.664118 -0.200628
vn -0.669753 0.740251 -0.058822
vn -0.575739 0.411591 -0.706482
vn -0.457081 0.487188 -0.744127
vn -0.241340 0.134723 -0.961044
vn -0.499188 0.259860 -0.826610
vn -0.872201 0.488412 -0.026816
vn -0.848768 0.516549 -0.113004
vn -0.825356 0.457591 -0.330753
vn -0.755091 0.423597 -0.500404
vn -0.789171 0.577241 -0.209765
vn -0.829914 0.546658 0.111389
vn -0.947721 0.283521 -0.146426
vn -0.746331 0.645506 -0.162211
vn -0.551974 0.647177 -0.525820
vn -0.975608 0.219109 0.013457
vn -0.912734 0.408512 -0.005878
vn -0.770036 -0.318125 -0.553029
vn -0.723387 -0.241669 -0.646766
vn -0.663791 -0.091069 -0.742353
vn -0.693182 0.017325 -0.720555
vn -0.301635 -0.195916 -0.933077
vn -0.515796 -0.475269 -0.712793
vn -0.631309 -0.544945 -0.551800
vn -0.234126 -0.862051 -0.449504
vn -0.195259 -0.446216 -0.873364
vn -0.472570 -0.787183 -0.396258
vn -0.623442 -0.638493 -0.451271
vn -0.053157 -0.996270 -0.067968
vn -0.198500 -0.960987 -0.192620
vn -0.429481 0.471128 -0.770444
vn -0.559970 0.197538 -0.804619
vn -0.399288 0.386931 -0.831176
vn -0.340017 0.443410 -0.829323
vn -0.274731 -0.002752 -0.961517
vn -0.447734 0.352334 -0.821824
vn -0.383700 -0.244648 -0.890462
vn -0.250239 -0.203137 -0.946634
vn -0.102640 -0.534578 -0.838863
vn -0.173552 -0.744628 -0.644522
vn -0.162196 -0.182449 -0.969745
vn -0.190592 -0.549960 -0.813154
vn -0.107980 -0.395327 -0.912172
vn -0.053916 -0.408890 -0.910989
vn -0.062690 -0.421272 -0.904765
vn -0.414809 -0.145062 -0.898271
vn -0.297816 -0.171363 -0.939117
vn -0.153454 0.629669 -0.761556
vn -0.332703 0.583450 -0.740875
vn -0.354904 0.723267 -0.592392
vn -0.103246 0.696774 -0.709821
vn 0.112582 0.670048 -0.733731
vn 0.176384 0.647071 -0.741747
vn 0.237327 0.396059 -0.887025
vn -0.206034 0.277568 -0.938353
vn 0.326153 0.599284 -0.731083
vn 0.337218 0.640270 -0.690173
vn 0.123532 0.576473 -0.807725
vn 0.300954 0.434510 -0.848898
vn 0.501308 0.455113 -0.735910
vn 0.379288 0.766112 -0.518858
vn 0.278114 0.798721 -0.533570
vn 0.053480 0.578896 -0.813646
vn 0.379021 0.700456 -0.604735
vn 0.418691 0.262517 -0.869358
vn -0.070986 0.433868 -0.898176
vn 0.620067 0.753434 -0.218755
vn 0.575178 0.749406 -0.327966
vn 0.151473 0.965672 -0.211030
vn 0.279813 0.958252 0.058799
vn 0.296738 0.921454 0.250738
vn -0.070011 0.997192 0.026583
vn 0.439400 0.795653 -0.416969
vn 0.481160 0.851529 0.208287
vn 0.276844 0.917630 -0.285152
vn 0.404605 0.786293 -0.466945
vn 0.304565 0.704534 -0.640992
vn 0.442833 0.876049 -0.190887
vn 0.475206 0.834638 -0.278495
vn 0.622152 0.494528 0.606934
vn 0.579813 0.755883 -0.304067
vn 0.623859 0.781231 0.021885
vn 0.820359 0.571745 0.010875
vn 0.836887 0.545818 -0.041275
vn 0.539940 0.596287 0.594059
vn 0.705107 0.688737 -0.168718
vn 0.681063 0.677118 -0.278682
vn 0.377942 0.678431 -0.629993
vn 0.630144 0.766807 -0.122169
vn 0.792646 0.608162 0.043027
vn 0.777873 0.627606 -0.032004
vn 0.997588 0.069366 -0.002443
vn 0.988430 0.049266 -0.143452
vn 0.954613 0.243440 -0.171614
vn 0.939453 0.341231 0.031450
vn 0.929617 0.268927 0.251972
vn 0.879285 0.475772 -0.022348
vn 0.960106 0.277299 -0.036079
vn 0.999574 0.018901 -0.022220
vn 0.959624 0.195901 -0.201854
vn 0.962658 0.138078 0.232860
vn 0.969703 -0.156251 0.187783
vn 0.984755 -0.166328 0.050913
vn 0.947762 -0.160137 0.275870
vn 0.900274 -0.355509 0.251237
vn 0.936879 -0.336354 0.095523
vn 0.801367 0.258052 0.539649
vn 0.426664 0.835891 0.345317
vn 0.848695 0.177085 0.498354
vn 0.707809 0.645616 0.286683
vn 0.753551 0.396151 0.524620
vn 0.708623 0.413036 0.572061
vn 0.496159 0.862563 -0.099052
vn 0.549691 0.835363 -0.002779
vn 0.037126 0.992272 0.118395
vn 0.396747 0.570157 0.719383
vn 0.496983 0.406575 0.766619
vn 0.349458 0.317672 0.881456
vn 0.378866 0.447498 0.810065
vn -0.061366 0.123831 0.990404
vn -0.079488 0.370351 0.925485
vn -0.440871 0.602717 0.665105
vn -0.177964 0.711169 0.680123
vn -0.146603 0.922436 0.357238
vn -0.055927 0.915822 0.397671
vn -0.040089 0.996801 0.069138
vn -0.046928 0.989907 0.133720
vn -0.179669 0.937381 0.298390
vn -0.310257 0.787461 0.532584
vn -0.277953 0.550292 0.787350
vn -0.510106 0.600078 0.616196
vn -0.290497 0.571015 0.767823
vn -0.254858 0.620200 0.741889
vn -0.278007 0.529287 0.801603
vn -0.454166 0.412477 0.789681
vn -0.644150 0.197084 0.739073
vn -0.479861 0.245713 0.842235
vn -0.355241 0.618064 0.701285
vn -0.003711 -0.999988 -0.003225
vn -0.004882 -0.999964 -0.006882
vn -0.002371 -0.999944 -0.010296
vn -0.003101 -0.999969 -0.007168
vn -0.004049 -0.999975 -0.005718
vn -0.005639 -0.999981 -0.002592
vn -0.004217 -0.999989 -0.001810
vn 0.001799 -0.999838 -0.017918
vn 0.001456 -0.999966 -0.008175
vn 0.011978 -0.999858 -0.011847
vn 0.004144 -0.999973 -0.006113
vn 0.000186 -0.999975 -0.007022
vn -0.003240 -0.999919 -0.012283
vn -0.002047 -0.999986 -0.004881
vn 0.010999 -0.999904 0.008466
vn -0.000191 -1.000000 0.000425
vn 0.007166 -0.999969 0.003143
vn 0.009858 -0.999951 0.001173
vn 0.015929 -0.999847 0.007257
vn 0.003830 -0.997847 0.065477
vn -0.002578 -0.999952 0.009422
vn -0.022842 0.980061 0.197380
vn 0.147936 0.979187 0.138950
vn 0.094393 0.992288 0.080342
vn -0.460291 0.848913 0.259767
vn -0.363448 0.877232 0.313639
vn -0.297868 0.905692 0.301658
vn -0.643521 0.663944 0.380866
vn 0.276386 0.917469 0.286114
vn -0.077609 0.916091 0.393388
vn -0.090265 0.927212 -0.363496
vn 0.345251 0.733846 0.585040
vn 0.250173 0.825849 0.505357
vn -0.156962 0.935801 0.315657
vn -0.184986 0.972464 0.141756
vn 0.539827 0.757869 -0.366362
vn 0.147219 0.988832 -0.023182
vn 0.170953 0.982512 -0.073796
vn 0.194493 0.980246 0.035909
vn 0.310116 0.950538 -0.017500
vn 0.210474 0.914341 0.345950
vn 0.350204 0.936007 -0.035314
vn 0.715340 0.691226 0.102442
vn 0.723967 0.664053 0.186830
vn 0.610955 0.764226 -0.206621
vn 0.324823 0.629919 0.705472
vn 0.566984 0.410083 0.714395
vn 0.792533 0.490164 0.362808
vn 0.243185 0.547237 0.800870
vn 0.467558 0.527352 0.709429
vn 0.614180 0.419055 0.668712
vn 0.693241 0.321910 0.644819
vn 0.646560 0.536221 0.542612
vn 0.728457 0.428638 0.534434
vn 0.579292 0.596977 0.555012
vn 0.392027 0.672347 0.627905
vn 0.572797 0.499114 0.650223
vn 0.520556 0.481745 0.704942
vn 0.443186 0.515877 0.733115
vn 0.523110 0.572851 0.631029
vn 0.760928 0.228425 0.607297
vn 0.553892 0.212433 0.805032
vn 0.343929 0.094336 0.934245
vn 0.302002 -0.228093 0.925618
vn 0.630522 -0.116079 0.767442
vn 0.815351 -0.127228 0.564815
vn 0.595362 -0.598030 0.536566
vn 0.746138 -0.483396 0.457828
vn 0.718861 -0.387167 0.577357
vn 0.800261 -0.127475 0.585945
vn 0.608016 -0.674201 0.419249
vn 0.642316 -0.595169 0.482912
vn 0.568002 -0.640388 0.516988
vn 0.594265 -0.524502 0.609711
vn 0.743006 0.382741 0.549046
vn 0.378278 -0.839062 0.390999
vn 0.628194 -0.568307 0.531412
vn 0.726412 0.409642 0.551833
vn 0.446715 -0.836321 0.317825
vn 0.570105 -0.741755 0.353242
vn 0.800810 -0.398617 0.446998
vn 0.747760 0.274359 0.604634
vn 0.765844 -0.592883 0.248944
vn 0.344603 -0.924626 0.162219
vn 0.443622 -0.894872 0.049021
vn 0.846751 -0.526087 0.079022
vn 0.513313 -0.857655 -0.030626
vn 0.884349 -0.463195 -0.058111
vn 0.943404 -0.324010 -0.070755
vn 0.972592 -0.222788 -0.066555
vn 0.901429 -0.414719 -0.124233
vn 0.952976 -0.271733 -0.134158
vn 0.969493 -0.197447 -0.145250
vn 0.907541 -0.290642 -0.303143
vn 0.931060 -0.180102 -0.317317
vn 0.910200 0.088884 -0.404518
vn 0.812713 0.341757 -0.471911
vn 0.714447 -0.140605 -0.685417
vn 0.622085 0.165428 -0.765273
vn 0.441479 0.311506 -0.841463
vn 0.228190 0.400492 -0.887432
vn 0.701000 0.425972 -0.571968
vn 0.697650 0.293317 -0.653643
vn 0.453645 0.438685 -0.775733
vn 0.096946 0.403845 -0.909676
vn -0.232937 0.283970 -0.930108
vn 0.095403 0.462122 -0.881670
vn 0.746553 0.537773 -0.391737
vn 0.547822 0.655729 -0.519530
vn 0.272996 0.642845 -0.715698
vn 0.123323 0.498083 -0.858315
vn -0.338869 0.298330 -0.892282
vn 0.746402 0.586218 -0.315012
vn 0.766331 0.606961 -0.210557
vn 0.623753 0.717025 -0.311139
vn 0.427046 0.811161 -0.399561
vn 0.332253 0.623437 -0.707767
vn 0.661570 0.642687 -0.386367
vn 0.467211 0.793827 -0.389299
vn 0.398307 0.826006 -0.398830
vn 0.592987 0.753128 -0.284896
vn 0.303049 0.862869 -0.404498
vn 0.586157 0.699128 -0.409438
vn 0.834118 0.537876 -0.122214
vn 0.297866 0.732225 -0.612473
vn 0.075475 0.773347 -0.629474
vn -0.120346 0.751478 -0.648689
vn -0.119583 0.833285 -0.539756
vn -0.559172 0.744200 -0.365367
vn -0.399854 0.760579 -0.511504
vn -0.361379 0.786103 -0.501446
vn -0.315797 0.793804 -0.519756
vn -0.347777 0.794545 -0.497745
vn -0.244796 0.754234 -0.609267
vn -0.178691 0.686928 -0.704415
vn -0.320471 0.699203 -0.639072
vn -0.456146 0.708509 -0.538466
vn -0.531580 0.666685 -0.522451
vn -0.515206 0.683508 -0.517087
vn -0.429067 0.633406 -0.643971
vn -0.454251 0.687120 -0.567029
vn -0.456741 0.786639 -0.415435
vn -0.633631 0.749629 -0.191225
vn -0.527960 0.815542 -0.236957
vn -0.528558 0.769104 -0.359313
vn -0.567757 0.798743 -0.199150
vn -0.665952 0.693909 -0.273857
vn -0.454449 0.722628 -0.520850
vn -0.422180 0.750615 -0.508272
vn 0.061063 0.665615 -0.743793
vn -0.764504 0.644610 0.003498
vn -0.768948 0.626375 0.127958
vn -0.877963 0.463213 0.120887
vn -0.902989 0.401186 0.153819
vn -0.783007 0.611865 0.111899
vn -0.984139 0.150340 0.094172
vn -0.974987 0.135329 0.176315
vn -0.975704 0.180689 0.123912
vn -0.922713 0.362269 0.131763
vn -0.962299 -0.246101 0.115822
vn -0.991443 -0.067017 0.112028
vn -0.994760 0.021694 0.099909
vn -0.991241 0.046117 0.123749
vn -0.975121 0.198102 0.099472
vn -0.983840 -0.178260 0.016781
vn -0.980481 -0.186525 0.062168
vn -0.984241 -0.133575 0.115875
vn -0.982199 -0.086235 0.166879
vn -0.982442 0.006371 0.186461
vn -0.927032 -0.368190 0.071043
vn -0.944235 -0.318059 0.085201
vn -0.917525 -0.365064 0.157721
vn -0.818434 -0.487454 0.304228
vn -0.930813 -0.101166 0.351217
vn -0.693819 -0.716463 0.072775
vn -0.579290 -0.805249 0.126483
vn -0.509485 -0.841230 0.180990
vn -0.463326 -0.839871 0.282747
vn -0.763671 -0.377469 0.523759
vn -0.131249 -0.990953 0.028033
vn -0.141141 -0.988266 0.058383
vn -0.058626 -0.997556 0.038012
vn -0.008318 -0.999946 0.006196
vn -0.344870 -0.877886 0.332236
vn -0.004347 -0.999990 -0.000434
vn -0.005382 -0.999970 0.005591
vn -0.001514 -0.999998 -0.001117
vn -0.007720 -0.999967 0.002620
vn -0.001776 -0.999991 0.003884
vn -0.003779 -0.999992 0.001006
vn -0.007982 -0.999955 0.005187
vn -0.004210 -0.999983 0.004089
vn 0.000850 -0.999987 0.004994
vn -0.004794 -0.999967 0.006574
vn -0.004273 -0.999990 -0.001397
vn -0.000822 -0.999998 0.001549
vn 0.003447 -0.999961 0.008108
vn 0.006491 -0.999949 0.007693
vn 0.001709 -0.999997 -0.001840
vn 0.004093 -0.999979 0.005093
vn 0.004525 -0.999956 0.008233
vn 0.008852 -0.999869 0.013543
vn 0.011737 -0.999749 0.019084
vn 0.003789 -0.999992 0.001110
vn 0.004959 -0.999975 0.005097
vn 0.014120 -0.999823 0.012424
vn 0.316495 -0.908909 0.271504
vn 0.281677 -0.921912 0.265961
vn 0.009223 -0.999944 0.005198
vn 0.043023 -0.998237 0.040883
vn 0.464084 -0.801083 0.378011
vn 0.091268 -0.993149 0.072969
vn 0.296539 -0.924828 0.238237
vn 0.015559 -0.999832 0.009701
vn 0.285525 -0.938799 0.192694
vn 0.007180 -0.999965 0.004191
vn 0.016410 -0.999824 0.009116
vn 0.010891 -0.999935 0.003400
vn 0.038045 -0.999266 0.004551
vn 0.020351 -0.999792 -0.001259
vn 0.066729 -0.997771 -0.000977
vn -0.001325 -0.999998 -0.001607
vn 0.069883 -0.997496 -0.010879
vn 0.522690 -0.848653 -0.081137
vn 0.029157 -0.999526 -0.009901
vn 0.376319 -0.916040 -0.138760
vn 0.785260 -0.550483 -0.283434
vn 0.327944 -0.914080 -0.238561
vn 0.623307 -0.620182 -0.476301
vn 0.700416 -0.402967 -0.589097
vn 0.661858 -0.479617 -0.576118
vn 0.738674 -0.046313 -0.672470
vn 0.716014 0.073493 -0.694207
vn 0.731052 -0.312299 -0.606656
vn 0.810048 -0.028603 -0.585665
vn 0.817363 0.339176 -0.465702
vn 0.469591 -0.203711 -0.859061
vn 0.564119 0.201004 -0.800854
vn 0.557183 0.603276 -0.570618
vn 0.204206 0.104037 -0.973384
vn 0.402781 0.287822 -0.868865
vn 0.709353 0.369945 -0.599967
vn 0.116646 0.108424 -0.987237
vn 0.068177 -0.038938 -0.996913
vn 0.424970 0.096576 -0.900041
vn 0.247933 0.118636 -0.961486
vn 0.187157 -0.084000 -0.978732
vn 0.287633 0.072648 -0.954982
vn 0.121283 -0.285611 -0.950640
vn 0.189664 -0.339268 -0.921371
vn 0.003726 -0.406763 -0.913526
vn 0.100898 -0.778863 -0.619025
vn -0.012573 -0.721929 -0.691852
vn 0.027465 -0.980888 -0.192623
vn -0.017917 -0.973755 -0.226893
vn -0.063870 -0.974253 -0.216219
vn -0.003404 -0.999771 -0.021141
vn -0.006829 -0.999622 -0.026645
vn -0.003529 -0.999947 -0.009683
vn -0.016205 -0.999756 -0.014983
vn -0.014134 -0.999878 -0.006715
vn -0.221572 -0.970593 -0.094105
vn -0.002167 -0.999997 -0.001206
vn -0.003905 -0.999989 -0.002589
vn -0.015803 -0.999875 -0.000853
vn -0.007481 -0.999965 -0.003617
vn -0.006957 -0.999968 -0.003898
vn -0.006311 -0.999962 -0.006068
vn -0.010263 -0.999941 -0.003534
vn -0.007443 -0.999963 -0.004405
vn -0.005808 -0.999982 -0.001155
vn -0.004705 -0.999989 0.000507
vn 0.004782 -0.999988 0.000733
vn -0.003682 -0.999986 -0.003932
vn -0.006702 -0.999977 -0.000972
vn 0.000800 -0.999988 0.004895
vn 0.002070 -0.999989 0.004110
vn -0.006675 -0.999970 -0.003850
vn 0.004097 -0.999990 0.001915
vn 0.007195 -0.999926 0.009789
vn -0.008257 -0.999950 -0.005707
vn -0.009334 -0.999924 -0.008037
vn -0.002040 -0.999997 0.001548
vn -0.010020 -0.999947 -0.002311
vn -0.010813 -0.999886 -0.010501
vn -0.000234 -1.000000 0.000853
vn 0.001426 -0.999999 0.000470
vn -0.000548 -0.999999 -0.000952
vn -0.001646 -0.999996 0.002409
vn 0.001892 -0.999994 0.002745
vn -0.000698 -0.999998 0.001805
vn 0.001216 -0.999997 0.002084
vn 0.001344 -0.999999 -0.000203
vn 0.000546 -0.999992 0.004069
vn 0.005090 -0.999981 0.003590
vn 0.004494 -0.999977 0.005167
vn 0.004042 -0.999992 -0.000624
vn 0.004334 -0.999990 -0.000614
vn 0.009132 -0.999948 0.004530
vn 0.001348 -0.999997 -0.001872
vn 0.005038 -0.999987 -0.000014
vn 0.006540 -0.999976 -0.002358
vn 0.006505 -0.999961 -0.006018
vn 0.008548 -0.999963 0.000949
vn 0.004568 -0.999989 0.000896
vn 0.009352 -0.999945 -0.004734
vn 0.004263 -0.999969 -0.006596
vn -0.000746 -0.999999 0.000877
vn 0.012702 -0.999905 -0.005397
vn -0.000079 -0.999998 -0.001974
vn -0.007574 -0.999941 0.007841
vn 0.046374 -0.998489 -0.029491
vn 0.007701 -0.999966 0.002868
vn -0.009383 -0.999916 0.008958
vn 0.005094 -0.999953 -0.008208
vn 0.253469 -0.941232 -0.223239
vn 0.004537 -0.999953 -0.008584
vn 0.010661 -0.999704 -0.021865
vn 0.183835 -0.958045 -0.219895
vn 0.528788 -0.650485 -0.545209
vn 0.007896 -0.999776 -0.019649
vn 0.117215 -0.956122 -0.268499
vn 0.308880 -0.712417 -0.630123
vn 0.402175 -0.464604 -0.788922
vn 0.043574 -0.977658 -0.205635
vn 0.182924 -0.627844 -0.756539
vn 0.191294 -0.300984 -0.934246
vn 0.156493 -0.218188 -0.963278
vn 0.149709 -0.610526 -0.777718
vn 0.222912 -0.116674 -0.967831
vn 0.045047 -0.968026 -0.246770
vn 0.002232 -0.999975 0.006745
vn 0.006029 -0.999228 -0.038827
vn -0.004020 -0.999987 -0.003131
vn -0.001718 -0.999996 0.002424
vn -0.002169 -0.999960 -0.008683
vn -0.000903 -0.999951 -0.009810
vn 0.002096 -0.999952 -0.009558
vn -0.002711 -0.999959 -0.008693
vn 0.000371 -0.999983 -0.005775
vn -0.002102 -0.999975 -0.006781
vn -0.003534 -0.999985 -0.004233
vn -0.002100 -0.999963 -0.008318
vn -0.004440 -0.999985 0.003336
vn 0.005336 -0.999946 -0.008933
vn 0.003665 -0.999957 -0.008468
vn 0.000550 -0.999964 0.008430
vn -0.005868 -0.999982 0.001573
vn 0.005086 -0.999905 -0.012849
vn -0.000656 -0.999979 -0.006519
vn -0.010143 -0.999948 0.000917
vn 0.000720 -1.000000 0.000155
vn 0.000954 -0.999994 0.003297
vn 0.003146 -0.999994 0.001389
vn 0.008165 -0.999966 -0.000963
vn 0.000479 -0.999998 0.001820
vn -0.002521 -0.999983 -0.005183
vn 0.004042 -0.999957 -0.008349
vn -0.001578 -0.999998 -0.001484
vn 0.004723 -0.999932 -0.010620
vn 0.005040 -0.999913 -0.012176
vn 0.007990 -0.999968 -0.000447
vn 0.006589 -0.999969 0.004353
vn 0.005237 -0.999980 0.003658
vn 0.004818 -0.999975 0.005138
vn 0.003460 -0.999979 0.005438
vn 0.007044 -0.999963 0.004952
vn 0.005016 -0.999980 0.003927
vn 0.007920 -0.999955 0.005301
vn 0.005740 -0.999965 0.006148
vn 0.005734 -0.999972 0.004902
vn 0.003843 -0.999974 0.006070
vn 0.000870 -0.999992 0.003773
vn 0.003191 -0.999986 0.004168
vn -0.000943 -0.999988 0.004875
vn -0.002898 -0.999996 0.000180
vn 0.000072 -0.999997 0.002298
vn -0.001102 -0.999991 0.004178
vn -0.003254 -0.999985 0.004484
vn -0.001575 -0.999995 0.002727
vn -0.001301 -0.999994 0.003144
vn -0.004130 -0.999987 -0.003022
vn -0.001406 -0.999997 -0.002083
vn -0.002958 -0.999986 0.004421
vn 0.004749 -0.999988 0.000955
vn 0.000025 -0.999999 0.001208
vn -0.009007 -0.999952 0.003778
vn -0.013332 -0.999909 -0.001962
vn -0.019485 -0.999806 -0.002927
vn -0.019127 -0.999814 -0.002552
vn -0.024967 -0.999688 -0.000941
vn -0.005107 -0.999984 0.002546
vn -0.106045 -0.994361 -0.000045
vn -0.076745 -0.997049 -0.001709
vn -0.196403 -0.980129 -0.027800
vn -0.574225 -0.816461 -0.060466
vn -0.551269 -0.828540 -0.098102
vn -0.551615 -0.803886 -0.222460
vn -0.722641 -0.686948 -0.076767
vn -0.711992 -0.646284 -0.274562
vn -0.896730 -0.442573 0.001800
vn -0.792432 -0.508150 -0.337395
vn -0.639417 -0.525757 -0.561003
vn -0.921410 -0.199862 -0.333254
vn -0.715643 -0.217679 -0.663680
vn -0.999865 0.013723 0.009012
vn -0.926277 -0.366165 0.089073
vn -0.913164 -0.405373 -0.042469
vn -0.905661 -0.424001 0.000920
vn -0.532238 -0.846568 0.006740
vn -0.664770 -0.746189 0.035813
vn -0.159384 -0.987211 0.003452
vn -0.172988 -0.984785 0.016533
vn -0.019858 -0.999792 0.004700
vn -0.001813 -0.999994 0.002943
vn -0.009288 -0.999920 0.008561
vn -0.005343 -0.999979 0.003775
vn -0.003904 -0.999974 0.006044
vn -0.002854 -0.999994 0.001816
vn -0.001759 -0.999990 0.004057
vn -0.002540 -0.999993 0.002717
vn 0.002841 -0.999994 0.001989
vn 0.339601 -0.915431 0.216002
vn 0.069218 -0.994421 0.079595
vn 0.086340 -0.976236 0.198767
vn 0.205993 -0.714438 0.668689
vn 0.008199 -0.695573 0.718409
vn 0.005416 -0.915744 0.401726
vn -0.226662 -0.624895 0.747082
vn -0.050599 -0.971760 0.230482
vn -0.473182 -0.618683 0.627160
vn -0.193532 -0.934281 0.299439
vn -0.004003 -0.999987 0.003230
vn -0.241417 -0.927104 0.286699
vn -0.550420 -0.568116 0.611785
vn -0.635853 -0.486266 0.599363
vn -0.628874 -0.327411 0.705209
vn -0.719990 -0.274764 0.637275
vn -0.825744 -0.102804 0.554597
vn -0.764178 -0.055247 0.642635
vn -0.645298 -0.084316 0.759264
vn -0.466038 0.166452 0.868966
vn -0.534415 -0.340075 0.773789
vn -0.330647 -0.070733 0.941100
vn -0.309775 0.212110 0.926849
vn 0.001501 -0.027782 0.999613
vn -0.086873 0.357644 0.929809
vn -0.428686 0.377601 0.820759
vn -0.017746 -0.399374 0.916616
vn 0.027693 0.647035 0.761958
vn -0.614044 0.584970 0.529869
vn 0.261339 0.725476 0.636699
vn -0.207895 0.725065 0.656552
vn 0.181195 0.820812 0.541697
vn -0.021555 0.834053 0.551263
vn -0.081983 0.738931 0.668775
vn -0.001025 0.731080 0.682291
vn 0.031119 0.766314 0.641712
vn -0.102649 0.677451 0.728370
vn -0.031533 0.777704 0.627839
vn -0.196597 0.664221 0.721221
vn -0.298790 0.823940 0.481506
vn -0.414447 0.668554 0.617470
vn -0.490203 0.533608 0.689176
vn -0.714021 0.610204 0.343256
vn -0.792055 0.472304 0.386753
vn -0.820843 0.571037 0.011581
vn -0.577296 0.789524 0.208281
vn -0.768491 0.639859 -0.001220
vn -0.791858 0.496727 -0.355280
vn -0.663555 0.747979 -0.014907
vn -0.677627 0.438614 -0.590287
vn -0.502874 0.385808 -0.773479
vn -0.693574 0.455501 -0.558099
vn -0.708013 0.704970 -0.041660
vn -0.636416 0.732873 0.240567
vn -0.679394 0.726143 -0.105544
vn -0.842286 0.524141 0.125820
vn -0.450054 0.402916 -0.796938
vn -0.299645 0.270982 -0.914757
vn -0.469880 0.744473 -0.474313
vn -0.511162 0.856627 0.070028
vn -0.182405 0.781809 0.596240
vn -0.125927 0.599285 0.790569
vn 0.022562 0.422962 0.905866
vn -0.143647 0.690853 0.708581
vn -0.263517 0.944780 0.194805
vn -0.513342 0.857287 0.039224
vn -0.153772 0.882449 -0.444566
vn -0.365928 0.855602 -0.366117
vn -0.626206 0.766165 -0.144419
vn -0.670544 0.735348 0.098156
vn -0.754095 0.656100 -0.029552
vn -0.842532 0.528431 0.104410
vn -0.918525 0.379682 0.110242
vn -0.134720 0.904061 -0.405617
vn -0.126563 0.908972 -0.397181
vn -0.446810 0.874319 -0.189545
vn -0.649954 0.720810 0.240818
vn -0.208433 0.796843 0.567096
vn -0.043615 0.980479 0.191724
vn -0.156714 0.858966 0.487461
vn -0.249067 0.942043 0.224769
vn -0.346672 0.873622 0.341473
vn -0.565431 0.766365 0.304915
vn -0.452193 0.881745 0.134342
vn -0.219293 0.228460 -0.948534
vn -0.385421 0.910794 -0.148003
vn 0.003503 0.970342 0.241709
vn -0.296142 0.497034 -0.815633
vn -0.563349 0.816895 -0.123772
vn -0.449528 0.870794 0.199102
vn -0.226849 0.945834 0.232244
vn -0.037941 0.916380 0.398509
vn -0.030728 0.909770 0.413973
vn -0.063302 0.756925 0.650429
vn 0.135718 0.990743 0.002856
vn -0.365884 0.818716 -0.442531
vn -0.383033 0.766123 -0.516082
vn -0.205020 0.978169 0.033944
vn -0.710176 0.390805 -0.585595
vn -0.520162 0.812778 -0.262343
vn -0.548451 0.836172 0.004224
vn -0.209311 0.933396 0.291481
vn 0.036828 0.999321 0.001006
vn 0.459767 0.877456 -0.136695
vn -0.971222 0.161685 0.174891
vn 0.854602 0.511526 -0.089423
vn 0.778489 0.589085 -0.216640
vn 0.738334 0.674404 0.006417
vn -0.089900 0.845484 -0.526379
vn 0.077307 0.913563 -0.399283
vn 0.176406 0.832969 -0.524446
vn -0.070522 0.578174 -0.812860
vn -0.013991 0.649340 -0.760370
vn -0.005493 0.558950 -0.829183
vn 0.236013 0.850345 -0.470330
vn 0.405130 0.749399 -0.523709
vn 0.588173 0.536438 -0.605217
vn 0.691446 0.696475 -0.191898
vn 0.770794 0.608432 -0.188911
vn 0.875245 0.442266 -0.195824
vn 0.845525 0.527978 -0.079541
vn 0.875419 0.483178 0.013429
vn 0.900421 0.421617 0.107149
vn 0.885987 0.358618 0.293974
vn 0.955520 0.294475 -0.016323
vn 0.951288 0.275975 -0.137438
vn 0.889110 0.442704 -0.116172
vn 0.859790 0.226141 -0.457844
vn 0.838214 0.540178 0.074874
vn 0.903723 0.410303 0.122217
vn 0.820509 0.524933 0.226299
vn 0.665045 0.700847 0.257930
vn 0.529129 0.766467 0.364076
vn 0.715509 0.606070 0.347455
vn 0.733868 0.597846 0.322519
vn 0.827267 0.325772 0.457715
vn 0.394589 0.715475 0.576537
vn 0.480073 0.877143 -0.012228
vn 0.340602 0.749694 0.567406
vn 0.454025 0.861997 -0.225437
vn 0.294814 0.668917 0.682375
vn 0.129592 0.643853 0.754095
vn 0.238743 0.444586 0.863333
vn 0.101668 0.594633 0.797543
vn 0.205623 0.938027 0.278970
vn -0.134140 0.845001 0.517668
vn 0.594575 0.744171 0.304451
vn 0.161508 0.728166 0.666100
vn -0.111820 0.607914 0.786090
vn 0.060084 0.997476 -0.037837
vn -0.018468 0.997934 0.061534
vn 0.113556 0.926259 0.359374
vn -0.004075 0.927173 0.374612
vn 0.133169 0.986451 0.095819
vn 0.431252 0.902183 0.009341
vn 0.204099 0.962977 0.176120
vn 0.080771 0.984880 -0.153259
vn 0.398556 0.912404 -0.093126
vn 0.256591 0.949016 0.183113
vn -0.114932 0.922187 0.369272
vn -0.291366 0.924525 0.245681
vn 0.303870 0.952574 0.016292
vn -0.245079 0.966776 0.072664
vn 0.113075 0.986633 -0.117346
vn -0.016422 0.995193 -0.096551
vn 0.780861 0.620414 -0.073088
vn 0.679466 0.716563 -0.157682
vn 0.322709 0.925942 -0.196191
vn 0.788019 0.609226 -0.088713
vn -0.563778 0.797737 -0.213938
vn 0.116012 0.943298 -0.311016
vn -0.183998 0.980777 -0.064971
vn -0.525272 0.768789 -0.364764
vn 0.348482 0.918869 0.185039
vn 0.096551 0.942643 -0.319533
vn 0.378020 0.917740 0.121879
vn 0.520887 0.773139 0.361845
vn 0.640474 0.646825 0.414018
vn 0.660126 0.749792 -0.045241
vn 0.777842 0.627120 -0.041026
vn 0.525020 0.825515 -0.207072
vn 0.050170 0.989070 0.138650
vn 0.485316 0.847324 0.215663
vn -0.190712 0.605497 -0.772659
vn -0.534890 0.115666 -0.836967
vn -0.668168 0.032282 -0.743309
vn 0.124462 0.911095 0.392958
vn 0.346857 0.833134 0.430788
vn 0.632001 0.757079 -0.165545
vn 0.020977 0.592531 0.805275
vn 0.385301 0.667382 0.637294
vn -0.045202 0.551926 0.832667
vn 0.591010 0.718734 -0.366237
vn 0.580319 0.814389 0.000136
vt 0.442159 0.425793 0.000000
vt 0.437667 0.432550 0.000000
vt 0.430744 0.423267 0.000000
vt 0.438658 0.414784 0.000000
vt 0.450948 0.418853 0.000000
vt 0.451079 0.427872 0.000000
vt 0.449039 0.435689 0.000000
vt 0.380320 0.326723 0.000000
vt 0.383279 0.318433 0.000000
vt 0.394200 0.322816 0.000000
vt 0.385458 0.333987 0.000000
vt 0.376852 0.339176 0.000000
vt 0.374763 0.331117 0.000000
vt 0.377664 0.373416 0.000000
vt 0.384927 0.375904 0.000000
vt 0.385358 0.386541 0.000000
vt 0.382538 0.387176 0.000000
vt 0.376310 0.365482 0.000000
vt 0.377379 0.360431 0.000000
vt 0.383847 0.365928 0.000000
vt 0.382101 0.368622 0.000000
vt 0.169341 0.264355 0.000000
vt 0.136494 0.245439 0.000000
vt 0.176411 0.186306 0.000000
vt 0.208730 0.204016 0.000000
vt 0.236308 0.214143 0.000000
vt 0.214676 0.257729 0.000000
vt 0.206058 0.287817 0.000000
vt 0.185456 0.295152 0.000000
vt 0.229180 0.366691 0.000000
vt 0.226576 0.346262 0.000000
vt 0.255771 0.359336 0.000000
vt 0.250152 0.374775 0.000000
vt 0.243208 0.396014 0.000000
vt 0.204374 0.381605 0.000000
vt 0.443517 0.651066 0.000000
vt 0.441817 0.628864 0.000000
vt 0.495086 0.636353 0.000000
vt 0.500540 0.665288 0.000000
vt 0.344223 0.405974 0.000000
vt 0.353436 0.408729 0.000000
vt 0.346925 0.423025 0.000000
vt 0.339004 0.420350 0.000000
vt 0.329796 0.416456 0.000000
vt 0.457931 0.392558 0.000000
vt 0.462751 0.389313 0.000000
vt 0.473020 0.393784 0.000000
vt 0.465619 0.395891 0.000000
vt 0.507025 0.332994 0.000000
vt 0.510320 0.347512 0.000000
vt 0.499245 0.352393 0.000000
vt 0.491334 0.342223 0.000000
vt 0.482576 0.333279 0.000000
vt 0.497160 0.324251 0.000000
vt 0.514578 0.320719 0.000000
vt 0.517376 0.331352 0.000000
vt 0.510023 0.317191 0.000000
vt 0.518851 0.347124 0.000000
vt 0.366890 0.468839 0.000000
vt 0.370832 0.475073 0.000000
vt 0.367382 0.477640 0.000000
vt 0.361044 0.469228 0.000000
vt 0.360220 0.460143 0.000000
vt 0.366684 0.462322 0.000000
vt 0.293013 0.378225 0.000000
vt 0.289603 0.388497 0.000000
vt 0.270879 0.387085 0.000000
vt 0.282306 0.367075 0.000000
vt 0.259802 0.347141 0.000000
vt 0.283989 0.355006 0.000000
vt 0.307111 0.463901 0.000000
vt 0.287624 0.446602 0.000000
vt 0.306122 0.426114 0.000000
vt 0.316043 0.434435 0.000000
vt 0.331510 0.438184 0.000000
vt 0.329253 0.456544 0.000000
vt 0.337193 0.474875 0.000000
vt 0.320373 0.488070 0.000000
vt 0.300576 0.512201 0.000000
vt 0.278820 0.490847 0.000000
vt 0.261456 0.464238 0.000000
vt 0.317500 0.625932 0.000000
vt 0.360274 0.626383 0.000000
vt 0.355422 0.662454 0.000000
vt 0.298633 0.645535 0.000000
vt 0.340546 0.374993 0.000000
vt 0.352606 0.372426 0.000000
vt 0.357103 0.383715 0.000000
vt 0.346297 0.386463 0.000000
vt 0.333585 0.392370 0.000000
vt 0.329686 0.383065 0.000000
vt 0.347251 0.359558 0.000000
vt 0.463155 0.596351 0.000000
vt 0.451259 0.575828 0.000000
vt 0.478241 0.571911 0.000000
vt 0.486781 0.598955 0.000000
vt 0.493294 0.618163 0.000000
vt 0.455282 0.617382 0.000000
vt 0.430495 0.587033 0.000000
vt 0.508100 0.535712 0.000000
vt 0.503895 0.538954 0.000000
vt 0.497193 0.521620 0.000000
vt 0.503117 0.519678 0.000000
vt 0.517337 0.544890 0.000000
vt 0.506396 0.553166 0.000000
vt 0.515349 0.528323 0.000000
vt 0.404344 0.449794 0.000000
vt 0.416168 0.468172 0.000000
vt 0.406086 0.478808 0.000000
vt 0.391695 0.461331 0.000000
vt 0.444681 0.408490 0.000000
vt 0.451742 0.409823 0.000000
vt 0.430286 0.403525 0.000000
vt 0.440619 0.399301 0.000000
vt 0.452913 0.400123 0.000000
vt 0.508107 0.303410 0.000000
vt 0.507276 0.311241 0.000000
vt 0.492313 0.315901 0.000000
vt 0.490104 0.307697 0.000000
vt 0.505189 0.296344 0.000000
vt 0.490294 0.298590 0.000000
vt 0.492132 0.286525 0.000000
vt 0.493973 0.276920 0.000000
vt 0.510537 0.293472 0.000000
vt 0.402385 0.310728 0.000000
vt 0.397796 0.332475 0.000000
vt 0.394215 0.316979 0.000000
vt 0.413671 0.333132 0.000000
vt 0.399351 0.340931 0.000000
vt 0.413516 0.301234 0.000000
vt 0.426960 0.322907 0.000000
vt 0.388120 0.296433 0.000000
vt 0.389653 0.284234 0.000000
vt 0.389612 0.264932 0.000000
vt 0.415241 0.266990 0.000000
vt 0.435054 0.269842 0.000000
vt 0.434430 0.296420 0.000000
vt 0.389692 0.349572 0.000000
vt 0.384370 0.354041 0.000000
vt 0.378923 0.346505 0.000000
vt 0.386226 0.338717 0.000000
vt 0.328885 0.325490 0.000000
vt 0.338328 0.324995 0.000000
vt 0.339036 0.337129 0.000000
vt 0.325928 0.332261 0.000000
vt 0.313087 0.325016 0.000000
vt 0.319561 0.316796 0.000000
vt 0.333031 0.309104 0.000000
vt 0.624586 0.340225 0.000000
vt 0.627207 0.355542 0.000000
vt 0.605490 0.354687 0.000000
vt 0.610246 0.337496 0.000000
vt 0.619672 0.318525 0.000000
vt 0.638464 0.330221 0.000000
vt 0.649496 0.347465 0.000000
vt 0.377561 0.463061 0.000000
vt 0.367456 0.450233 0.000000
vt 0.366507 0.430644 0.000000
vt 0.373889 0.434214 0.000000
vt 0.381849 0.436703 0.000000
vt 0.385306 0.462637 0.000000
vt 0.375629 0.469916 0.000000
vt 0.354608 0.479881 0.000000
vt 0.362352 0.480346 0.000000
vt 0.363312 0.494314 0.000000
vt 0.350681 0.489957 0.000000
vt 0.350010 0.471404 0.000000
vt 0.356876 0.470043 0.000000
vt 0.334737 0.358014 0.000000
vt 0.327146 0.356546 0.000000
vt 0.326117 0.350008 0.000000
vt 0.337759 0.351762 0.000000
vt 0.339842 0.362963 0.000000
vt 0.229599 0.305120 0.000000
vt 0.243933 0.314593 0.000000
vt 0.237405 0.326199 0.000000
vt 0.207445 0.312741 0.000000
vt 0.227625 0.290522 0.000000
vt 0.291583 0.611548 0.000000
vt 0.300043 0.588551 0.000000
vt 0.329933 0.589904 0.000000
vt 0.258943 0.619076 0.000000
vt 0.272141 0.585320 0.000000
vt 0.451851 0.712153 0.000000
vt 0.425456 0.729145 0.000000
vt 0.411405 0.696922 0.000000
vt 0.450911 0.685361 0.000000
vt 0.497373 0.685577 0.000000
vt 0.485488 0.714765 0.000000
vt 0.443750 0.753054 0.000000
vt 0.579658 0.639189 0.000000
vt 0.594101 0.693004 0.000000
vt 0.543438 0.682733 0.000000
vt 0.544240 0.642648 0.000000
vt 0.660735 0.692190 0.000000
vt 0.661556 0.713654 0.000000
vt 0.599796 0.634999 0.000000
vt 0.658585 0.671868 0.000000
vt 0.450011 0.674457 0.000000
vt 0.415494 0.661817 0.000000
vt 0.396785 0.628590 0.000000
vt 0.411550 0.592740 0.000000
vt 0.521957 0.624208 0.000000
vt 0.518781 0.605011 0.000000
vt 0.528522 0.593918 0.000000
vt 0.529974 0.629005 0.000000
vt 0.541250 0.576499 0.000000
vt 0.552218 0.582757 0.000000
vt 0.539719 0.637891 0.000000
vt 0.533741 0.590841 0.000000
vt 0.522735 0.578231 0.000000
vt 0.528077 0.565697 0.000000
vt 0.515555 0.568361 0.000000
vt 0.516522 0.584628 0.000000
vt 0.507517 0.569196 0.000000
vt 0.449865 0.546228 0.000000
vt 0.419295 0.553449 0.000000
vt 0.412247 0.529384 0.000000
vt 0.426870 0.522323 0.000000
vt 0.444845 0.510320 0.000000
vt 0.464338 0.522915 0.000000
vt 0.494654 0.541936 0.000000
vt 0.495604 0.553054 0.000000
vt 0.485022 0.533427 0.000000
vt 0.455632 0.491348 0.000000
vt 0.473570 0.489974 0.000000
vt 0.485516 0.503100 0.000000
vt 0.480612 0.509318 0.000000
vt 0.455260 0.472996 0.000000
vt 0.470566 0.472638 0.000000
vt 0.481902 0.486819 0.000000
vt 0.485941 0.472606 0.000000
vt 0.499707 0.478367 0.000000
vt 0.492086 0.494188 0.000000
vt 0.413507 0.444857 0.000000
vt 0.424527 0.456008 0.000000
vt 0.419424 0.388097 0.000000
vt 0.420662 0.391432 0.000000
vt 0.415800 0.392508 0.000000
vt 0.414921 0.388427 0.000000
vt 0.431736 0.386438 0.000000
vt 0.429582 0.390934 0.000000
vt 0.427352 0.381017 0.000000
vt 0.443688 0.381086 0.000000
vt 0.446576 0.384066 0.000000
vt 0.449663 0.388386 0.000000
vt 0.440001 0.388045 0.000000
vt 0.439551 0.390856 0.000000
vt 0.461236 0.386761 0.000000
vt 0.475129 0.386450 0.000000
vt 0.484781 0.383551 0.000000
vt 0.487386 0.389758 0.000000
vt 0.450844 0.392026 0.000000
vt 0.468010 0.378431 0.000000
vt 0.473123 0.383645 0.000000
vt 0.459489 0.383271 0.000000
vt 0.458568 0.377125 0.000000
vt 0.475257 0.373613 0.000000
vt 0.480991 0.378941 0.000000
vt 0.519425 0.387014 0.000000
vt 0.516876 0.404994 0.000000
vt 0.508796 0.407010 0.000000
vt 0.509613 0.391584 0.000000
vt 0.513626 0.379444 0.000000
vt 0.515371 0.374902 0.000000
vt 0.520005 0.373538 0.000000
vt 0.517571 0.368185 0.000000
vt 0.513552 0.368738 0.000000
vt 0.513186 0.360713 0.000000
vt 0.519818 0.362253 0.000000
vt 0.524575 0.368224 0.000000
vt 0.524633 0.347548 0.000000
vt 0.529996 0.348055 0.000000
vt 0.529858 0.367400 0.000000
vt 0.512262 0.304156 0.000000
vt 0.520201 0.310649 0.000000
vt 0.501957 0.257215 0.000000
vt 0.515933 0.289360 0.000000
vt 0.473971 0.273706 0.000000
vt 0.474590 0.253191 0.000000
vt 0.404596 0.352228 0.000000
vt 0.390285 0.358762 0.000000
vt 0.385425 0.305962 0.000000
vt 0.463694 0.199041 0.000000
vt 0.456050 0.183170 0.000000
vt 0.472932 0.162257 0.000000
vt 0.480922 0.189914 0.000000
vt 0.366750 0.334154 0.000000
vt 0.369043 0.339873 0.000000
vt 0.361839 0.342028 0.000000
vt 0.360579 0.329607 0.000000
vt 0.368676 0.321390 0.000000
vt 0.352436 0.322036 0.000000
vt 0.363415 0.310394 0.000000
vt 0.346298 0.302644 0.000000
vt 0.363632 0.295846 0.000000
vt 0.352739 0.343014 0.000000
vt 0.318307 0.150454 0.000000
vt 0.371851 0.134729 0.000000
vt 0.366030 0.181723 0.000000
vt 0.346137 0.177677 0.000000
vt 0.296610 0.203199 0.000000
vt 0.269759 0.168491 0.000000
vt 0.243148 0.151933 0.000000
vt 0.309867 0.104802 0.000000
vt 0.372093 0.098713 0.000000
vt 0.618239 0.590342 0.000000
vt 0.606159 0.607983 0.000000
vt 0.581776 0.574338 0.000000
vt 0.600412 0.568422 0.000000
vt 0.633521 0.559554 0.000000
vt 0.651884 0.594146 0.000000
vt 0.657164 0.628895 0.000000
vt 0.573609 0.451221 0.000000
vt 0.563174 0.453128 0.000000
vt 0.561478 0.440454 0.000000
vt 0.577769 0.442082 0.000000
vt 0.592458 0.447587 0.000000
vt 0.583143 0.460225 0.000000
vt 0.566704 0.465583 0.000000
vt 0.567143 0.128018 0.000000
vt 0.598227 0.117376 0.000000
vt 0.597405 0.153331 0.000000
vt 0.565706 0.156039 0.000000
vt 0.540283 0.151666 0.000000
vt 0.553212 0.117993 0.000000
vt 0.581508 0.085739 0.000000
vt 0.360405 0.428639 0.000000
vt 0.364968 0.414233 0.000000
vt 0.368189 0.411970 0.000000
vt 0.370290 0.399346 0.000000
vt 0.377682 0.399118 0.000000
vt 0.380923 0.415861 0.000000
vt 0.365756 0.397110 0.000000
vt 0.392068 0.372589 0.000000
vt 0.392881 0.377444 0.000000
vt 0.386559 0.370125 0.000000
vt 0.399118 0.374610 0.000000
vt 0.399130 0.379244 0.000000
vt 0.370375 0.380987 0.000000
vt 0.364156 0.384677 0.000000
vt 0.411093 0.356471 0.000000
vt 0.424012 0.346909 0.000000
vt 0.429164 0.353840 0.000000
vt 0.416001 0.358067 0.000000
vt 0.417809 0.339443 0.000000
vt 0.430044 0.330327 0.000000
vt 0.437762 0.342655 0.000000
vt 0.449603 0.336592 0.000000
vt 0.458483 0.348962 0.000000
vt 0.443326 0.350317 0.000000
vt 0.442924 0.322748 0.000000
vt 0.456383 0.316801 0.000000
vt 0.461418 0.328984 0.000000
vt 0.440221 0.315401 0.000000
vt 0.453678 0.307644 0.000000
vt 0.470732 0.301434 0.000000
vt 0.471547 0.311665 0.000000
vt 0.451617 0.293267 0.000000
vt 0.472633 0.288649 0.000000
vt 0.452328 0.272016 0.000000
vt 0.438699 0.243907 0.000000
vt 0.455631 0.247785 0.000000
vt 0.443733 0.212037 0.000000
vt 0.455917 0.216374 0.000000
vt 0.473375 0.223292 0.000000
vt 0.492730 0.226709 0.000000
vt 0.491704 0.190130 0.000000
vt 0.487611 0.154993 0.000000
vt 0.500642 0.150793 0.000000
vt 0.502814 0.188715 0.000000
vt 0.505770 0.224777 0.000000
vt 0.514442 0.187047 0.000000
vt 0.516504 0.223090 0.000000
vt 0.523897 0.254402 0.000000
vt 0.511847 0.257429 0.000000
vt 0.530618 0.221906 0.000000
vt 0.535733 0.252706 0.000000
vt 0.536249 0.280926 0.000000
vt 0.528211 0.281880 0.000000
vt 0.522921 0.285006 0.000000
vt 0.536617 0.306281 0.000000
vt 0.531736 0.307253 0.000000
vt 0.526453 0.307088 0.000000
vt 0.536696 0.328538 0.000000
vt 0.532694 0.328648 0.000000
vt 0.528337 0.328637 0.000000
vt 0.523047 0.328818 0.000000
vt 0.533469 0.348369 0.000000
vt 0.536436 0.348505 0.000000
vt 0.535760 0.367644 0.000000
vt 0.533138 0.367659 0.000000
vt 0.535509 0.385806 0.000000
vt 0.532997 0.385962 0.000000
vt 0.530156 0.386020 0.000000
vt 0.525516 0.385928 0.000000
vt 0.532408 0.402713 0.000000
vt 0.529113 0.403204 0.000000
vt 0.523737 0.403946 0.000000
vt 0.528170 0.416949 0.000000
vt 0.523302 0.417316 0.000000
vt 0.516466 0.418446 0.000000
vt 0.509347 0.419857 0.000000
vt 0.523762 0.429741 0.000000
vt 0.517177 0.430617 0.000000
vt 0.509353 0.432397 0.000000
vt 0.497727 0.433904 0.000000
vt 0.499221 0.421762 0.000000
vt 0.518170 0.442382 0.000000
vt 0.509305 0.441334 0.000000
vt 0.498028 0.440073 0.000000
vt 0.486058 0.439095 0.000000
vt 0.486182 0.432756 0.000000
vt 0.510053 0.447028 0.000000
vt 0.498410 0.444632 0.000000
vt 0.486249 0.442911 0.000000
vt 0.473790 0.441214 0.000000
vt 0.474957 0.437035 0.000000
vt 0.498356 0.449822 0.000000
vt 0.486248 0.447179 0.000000
vt 0.473629 0.446164 0.000000
vt 0.460191 0.447521 0.000000
vt 0.460690 0.441079 0.000000
vt 0.486921 0.459766 0.000000
vt 0.472739 0.458049 0.000000
vt 0.457444 0.458990 0.000000
vt 0.442115 0.455657 0.000000
vt 0.445851 0.449502 0.000000
vt 0.438037 0.464547 0.000000
vt 0.427443 0.450481 0.000000
vt 0.433368 0.481612 0.000000
vt 0.423626 0.494449 0.000000
vt 0.411740 0.503968 0.000000
vt 0.399118 0.484216 0.000000
vt 0.391905 0.486051 0.000000
vt 0.403864 0.507433 0.000000
vt 0.391719 0.509664 0.000000
vt 0.384917 0.488379 0.000000
vt 0.396009 0.533691 0.000000
vt 0.381408 0.536046 0.000000
vt 0.380314 0.512564 0.000000
vt 0.399954 0.560352 0.000000
vt 0.384758 0.562586 0.000000
vt 0.364902 0.560374 0.000000
vt 0.368658 0.534972 0.000000
vt 0.392158 0.592552 0.000000
vt 0.362625 0.588386 0.000000
vt 0.340467 0.558699 0.000000
vt 0.313054 0.553678 0.000000
vt 0.327507 0.526434 0.000000
vt 0.351939 0.532305 0.000000
vt 0.339252 0.504857 0.000000
vt 0.359034 0.511776 0.000000
vt 0.368582 0.513054 0.000000
vt 0.370394 0.494366 0.000000
vt 0.377205 0.493559 0.000000
vt 0.284593 0.545584 0.000000
vt 0.253849 0.519029 0.000000
vt 0.226839 0.543744 0.000000
vt 0.193620 0.495805 0.000000
vt 0.229629 0.479664 0.000000
vt 0.198191 0.572640 0.000000
vt 0.156940 0.519116 0.000000
vt 0.133079 0.456973 0.000000
vt 0.176598 0.441480 0.000000
vt 0.169369 0.603772 0.000000
vt 0.123647 0.543802 0.000000
vt 0.094330 0.473007 0.000000
vt 0.085382 0.396220 0.000000
vt 0.125939 0.390240 0.000000
vt 0.089253 0.568315 0.000000
vt 0.057585 0.487437 0.000000
vt 0.047601 0.400109 0.000000
vt 0.057373 0.310058 0.000000
vt 0.097232 0.316808 0.000000
vt 0.030248 0.497837 0.000000
vt 0.020000 0.402753 0.000000
vt 0.025157 0.305085 0.000000
vt 0.058439 0.210035 0.000000
vt 0.093073 0.225271 0.000000
vt 0.968558 0.260612 0.000000
vt 0.980000 0.354483 0.000000
vt 0.957258 0.355896 0.000000
vt 0.947162 0.266997 0.000000
vt 0.918384 0.181642 0.000000
vt 0.938231 0.169399 0.000000
vt 0.864656 0.113213 0.000000
vt 0.880913 0.096683 0.000000
vt 0.927033 0.273162 0.000000
vt 0.898020 0.194456 0.000000
vt 0.848174 0.129939 0.000000
vt 0.779135 0.086875 0.000000
vt 0.789759 0.069004 0.000000
vt 0.869051 0.211537 0.000000
vt 0.822699 0.155396 0.000000
vt 0.762337 0.115987 0.000000
vt 0.695789 0.098933 0.000000
vt 0.703055 0.069222 0.000000
vt 0.787955 0.188887 0.000000
vt 0.738166 0.156163 0.000000
vt 0.683810 0.140694 0.000000
vt 0.634976 0.142676 0.000000
vt 0.636752 0.100874 0.000000
vt 0.706992 0.201105 0.000000
vt 0.664201 0.187317 0.000000
vt 0.623058 0.184072 0.000000
vt 0.584781 0.185944 0.000000
vt 0.643778 0.225822 0.000000
vt 0.608831 0.219867 0.000000
vt 0.577334 0.218536 0.000000
vt 0.557730 0.219800 0.000000
vt 0.558391 0.186687 0.000000
vt 0.595367 0.253143 0.000000
vt 0.571690 0.251358 0.000000
vt 0.556015 0.251067 0.000000
vt 0.544659 0.251627 0.000000
vt 0.543086 0.221066 0.000000
vt 0.563618 0.280936 0.000000
vt 0.551857 0.280250 0.000000
vt 0.543832 0.280185 0.000000
vt 0.548596 0.306550 0.000000
vt 0.542616 0.305869 0.000000
vt 0.545872 0.328774 0.000000
vt 0.540594 0.328316 0.000000
vt 0.544416 0.348594 0.000000
vt 0.539667 0.348405 0.000000
vt 0.542570 0.367730 0.000000
vt 0.538418 0.367768 0.000000
vt 0.542220 0.385312 0.000000
vt 0.538297 0.385490 0.000000
vt 0.541878 0.401811 0.000000
vt 0.538094 0.402195 0.000000
vt 0.535206 0.402417 0.000000
vt 0.537174 0.416336 0.000000
vt 0.534006 0.416724 0.000000
vt 0.531317 0.416939 0.000000
vt 0.534230 0.428912 0.000000
vt 0.531483 0.429332 0.000000
vt 0.528495 0.429531 0.000000
vt 0.532934 0.441008 0.000000
vt 0.529696 0.441145 0.000000
vt 0.524736 0.441492 0.000000
vt 0.530065 0.451638 0.000000
vt 0.525295 0.451508 0.000000
vt 0.518571 0.450601 0.000000
vt 0.526102 0.463257 0.000000
vt 0.519446 0.461461 0.000000
vt 0.509587 0.457865 0.000000
vt 0.521171 0.477620 0.000000
vt 0.512708 0.473335 0.000000
vt 0.499860 0.464448 0.000000
vt 0.509686 0.488720 0.000000
vt 0.519805 0.496605 0.000000
vt 0.517736 0.514726 0.000000
vt 0.504090 0.506406 0.000000
vt 0.531074 0.500561 0.000000
vt 0.530557 0.521204 0.000000
vt 0.529884 0.540556 0.000000
vt 0.538587 0.522196 0.000000
vt 0.538347 0.545104 0.000000
vt 0.543197 0.522665 0.000000
vt 0.544733 0.545602 0.000000
vt 0.547999 0.522879 0.000000
vt 0.551325 0.546240 0.000000
vt 0.560775 0.579425 0.000000
vt 0.559365 0.546277 0.000000
vt 0.570531 0.577588 0.000000
vt 0.595613 0.619708 0.000000
vt 0.657838 0.652383 0.000000
vt 0.727814 0.653145 0.000000
vt 0.735983 0.674078 0.000000
vt 0.716632 0.624671 0.000000
vt 0.767629 0.597696 0.000000
vt 0.785806 0.621803 0.000000
vt 0.697343 0.584304 0.000000
vt 0.736834 0.559914 0.000000
vt 0.769273 0.521739 0.000000
vt 0.808182 0.550904 0.000000
vt 0.669988 0.546402 0.000000
vt 0.701805 0.525353 0.000000
vt 0.728592 0.495568 0.000000
vt 0.748540 0.458048 0.000000
vt 0.793460 0.473882 0.000000
vt 0.671145 0.500779 0.000000
vt 0.693105 0.475887 0.000000
vt 0.709143 0.446126 0.000000
vt 0.718662 0.412907 0.000000
vt 0.759709 0.416063 0.000000
vt 0.663029 0.461149 0.000000
vt 0.675684 0.436713 0.000000
vt 0.683336 0.410342 0.000000
vt 0.685705 0.383407 0.000000
vt 0.721095 0.378162 0.000000
vt 0.647059 0.429345 0.000000
vt 0.652687 0.408140 0.000000
vt 0.654882 0.386928 0.000000
vt 0.653808 0.366659 0.000000
vt 0.682690 0.356999 0.000000
vt 0.626078 0.405522 0.000000
vt 0.627665 0.387959 0.000000
vt 0.627763 0.371083 0.000000
vt 0.603678 0.387138 0.000000
vt 0.604207 0.370988 0.000000
vt 0.583463 0.369885 0.000000
vt 0.585597 0.352111 0.000000
vt 0.582561 0.386145 0.000000
vt 0.564394 0.385802 0.000000
vt 0.565626 0.368778 0.000000
vt 0.602531 0.402931 0.000000
vt 0.581646 0.401377 0.000000
vt 0.563281 0.401285 0.000000
vt 0.549575 0.401343 0.000000
vt 0.550313 0.385222 0.000000
vt 0.580373 0.415663 0.000000
vt 0.562094 0.415151 0.000000
vt 0.548294 0.415653 0.000000
vt 0.541331 0.416051 0.000000
vt 0.561605 0.427746 0.000000
vt 0.548289 0.428060 0.000000
vt 0.541904 0.428393 0.000000
vt 0.537463 0.428617 0.000000
vt 0.549569 0.440773 0.000000
vt 0.542834 0.440948 0.000000
vt 0.538699 0.441006 0.000000
vt 0.535560 0.441011 0.000000
vt 0.543500 0.453381 0.000000
vt 0.539142 0.453065 0.000000
vt 0.535824 0.452724 0.000000
vt 0.532892 0.452232 0.000000
vt 0.540898 0.465731 0.000000
vt 0.536970 0.465079 0.000000
vt 0.533532 0.464288 0.000000
vt 0.530055 0.463650 0.000000
vt 0.541116 0.481788 0.000000
vt 0.537458 0.481283 0.000000
vt 0.533716 0.480718 0.000000
vt 0.528670 0.479844 0.000000
vt 0.540402 0.501291 0.000000
vt 0.536471 0.500998 0.000000
vt 0.544795 0.501501 0.000000
vt 0.545314 0.482164 0.000000
vt 0.549948 0.501498 0.000000
vt 0.554314 0.522662 0.000000
vt 0.556545 0.501142 0.000000
vt 0.562725 0.521920 0.000000
vt 0.569572 0.545412 0.000000
vt 0.574530 0.520076 0.000000
vt 0.584693 0.542586 0.000000
vt 0.597631 0.513489 0.000000
vt 0.613359 0.534352 0.000000
vt 0.644447 0.520297 0.000000
vt 0.623624 0.500537 0.000000
vt 0.645637 0.482624 0.000000
vt 0.584981 0.495214 0.000000
vt 0.606791 0.484239 0.000000
vt 0.624526 0.468190 0.000000
vt 0.637702 0.449583 0.000000
vt 0.593296 0.470743 0.000000
vt 0.607056 0.456489 0.000000
vt 0.616186 0.440233 0.000000
vt 0.622408 0.423142 0.000000
vt 0.597267 0.433181 0.000000
vt 0.600410 0.418299 0.000000
vt 0.579130 0.429075 0.000000
vt 0.574376 0.479350 0.000000
vt 0.559334 0.481913 0.000000
vt 0.553096 0.466359 0.000000
vt 0.566788 0.499826 0.000000
vt 0.550536 0.482398 0.000000
vt 0.545735 0.466134 0.000000
vt 0.550462 0.453449 0.000000
vt 0.551684 0.367860 0.000000
vt 0.553439 0.349005 0.000000
vt 0.567308 0.350142 0.000000
vt 0.554409 0.329150 0.000000
vt 0.569916 0.330091 0.000000
vt 0.590031 0.332955 0.000000
vt 0.574760 0.308253 0.000000
vt 0.597596 0.311894 0.000000
vt 0.582971 0.283088 0.000000
vt 0.609405 0.287448 0.000000
vt 0.634643 0.296274 0.000000
vt 0.625284 0.258766 0.000000
vt 0.654587 0.269897 0.000000
vt 0.680880 0.288250 0.000000
vt 0.656932 0.311240 0.000000
vt 0.701885 0.313443 0.000000
vt 0.673166 0.332496 0.000000
vt 0.715641 0.344157 0.000000
vt 0.736897 0.290918 0.000000
vt 0.754311 0.329200 0.000000
vt 0.761746 0.372206 0.000000
vt 0.799800 0.312439 0.000000
vt 0.808823 0.366002 0.000000
vt 0.806518 0.420817 0.000000
vt 0.859452 0.361278 0.000000
vt 0.855357 0.428354 0.000000
vt 0.839650 0.493101 0.000000
vt 0.892828 0.435099 0.000000
vt 0.871349 0.507748 0.000000
vt 0.834216 0.569770 0.000000
vt 0.895413 0.518471 0.000000
vt 0.851860 0.582108 0.000000
vt 0.797954 0.638171 0.000000
vt 0.866055 0.595538 0.000000
vt 0.808882 0.651539 0.000000
vt 0.743258 0.692997 0.000000
vt 0.829378 0.676592 0.000000
vt 0.752944 0.719420 0.000000
vt 0.269644 0.750745 0.000000
vt 0.186220 0.717091 0.000000
vt 0.210850 0.677129 0.000000
vt 0.276859 0.712937 0.000000
vt 0.356834 0.733720 0.000000
vt 0.362857 0.768627 0.000000
vt 0.288177 0.675830 0.000000
vt 0.352625 0.696652 0.000000
vt 0.231204 0.649133 0.000000
vt 0.144078 0.632587 0.000000
vt 0.115488 0.662879 0.000000
vt 0.061628 0.588948 0.000000
vt 0.932155 0.533668 0.000000
vt 0.885309 0.609460 0.000000
vt 0.913647 0.525542 0.000000
vt 0.943808 0.443649 0.000000
vt 0.965037 0.446427 0.000000
vt 0.923929 0.440625 0.000000
vt 0.935676 0.357271 0.000000
vt 0.899600 0.359294 0.000000
vt 0.894726 0.282729 0.000000
vt 0.850238 0.295949 0.000000
vt 0.827068 0.235903 0.000000
vt 0.778864 0.264622 0.000000
vt 0.746832 0.227021 0.000000
vt 0.710784 0.260381 0.000000
vt 0.678637 0.238684 0.000000
vt 0.557456 0.306965 0.000000
vt 0.526547 0.186977 0.000000
vt 0.539463 0.187105 0.000000
vt 0.524680 0.150260 0.000000
vt 0.512610 0.149972 0.000000
vt 0.507096 0.097911 0.000000
vt 0.527987 0.106608 0.000000
vt 0.546683 0.043065 0.000000
vt 0.565384 0.064034 0.000000
vt 0.623179 0.020000 0.000000
vt 0.627924 0.042324 0.000000
vt 0.632901 0.068145 0.000000
vt 0.706676 0.045750 0.000000
vt 0.710226 0.023014 0.000000
vt 0.802687 0.046944 0.000000
vt 0.190910 0.070003 0.000000
vt 0.277757 0.035159 0.000000
vt 0.285297 0.060158 0.000000
vt 0.204858 0.098715 0.000000
vt 0.142549 0.157953 0.000000
vt 0.112919 0.127815 0.000000
vt 0.222033 0.130629 0.000000
vt 0.296725 0.085032 0.000000
vt 0.366395 0.076265 0.000000
vt 0.362850 0.053771 0.000000
vt 0.428043 0.067686 0.000000
vt 0.422246 0.088256 0.000000
vt 0.360906 0.028820 0.000000
vt 0.435388 0.044610 0.000000
vt 0.466375 0.119019 0.000000
vt 0.444078 0.139661 0.000000
vt 0.408837 0.113740 0.000000
vt 0.484822 0.100537 0.000000
vt 0.492720 0.078091 0.000000
vt 0.430146 0.174133 0.000000
vt 0.389476 0.148833 0.000000
vt 0.426876 0.211145 0.000000
vt 0.397378 0.201488 0.000000
vt 0.420132 0.240738 0.000000
vt 0.392124 0.235434 0.000000
vt 0.364391 0.226831 0.000000
vt 0.366280 0.264113 0.000000
vt 0.343931 0.265772 0.000000
vt 0.339094 0.225783 0.000000
vt 0.320675 0.271821 0.000000
vt 0.310198 0.241929 0.000000
vt 0.298838 0.283813 0.000000
vt 0.284623 0.259385 0.000000
vt 0.267849 0.232509 0.000000
vt 0.264469 0.279558 0.000000
vt 0.240093 0.264997 0.000000
vt 0.251899 0.298898 0.000000
vt 0.283242 0.297119 0.000000
vt 0.273663 0.310586 0.000000
vt 0.268016 0.323298 0.000000
vt 0.292040 0.322745 0.000000
vt 0.289088 0.332387 0.000000
vt 0.288519 0.344112 0.000000
vt 0.263846 0.335913 0.000000
vt 0.231999 0.335215 0.000000
vt 0.189439 0.335073 0.000000
vt 0.195736 0.319537 0.000000
vt 0.161302 0.326993 0.000000
vt 0.309661 0.339063 0.000000
vt 0.308925 0.347656 0.000000
vt 0.307862 0.356591 0.000000
vt 0.327086 0.363222 0.000000
vt 0.306950 0.365180 0.000000
vt 0.327593 0.369102 0.000000
vt 0.308488 0.373463 0.000000
vt 0.310085 0.382689 0.000000
vt 0.312613 0.392878 0.000000
vt 0.291542 0.400871 0.000000
vt 0.317788 0.401996 0.000000
vt 0.299523 0.413907 0.000000
vt 0.277048 0.426896 0.000000
vt 0.269102 0.402675 0.000000
vt 0.248218 0.432100 0.000000
vt 0.213899 0.434507 0.000000
vt 0.164928 0.380305 0.000000
vt 0.323276 0.410669 0.000000
vt 0.338264 0.400529 0.000000
vt 0.351425 0.395165 0.000000
vt 0.360393 0.395346 0.000000
vt 0.359138 0.410962 0.000000
vt 0.354336 0.425821 0.000000
vt 0.358758 0.445945 0.000000
vt 0.350321 0.443296 0.000000
vt 0.341095 0.440631 0.000000
vt 0.352504 0.459304 0.000000
vt 0.342552 0.457614 0.000000
vt 0.326012 0.343856 0.000000
vt 0.325887 0.338187 0.000000
vt 0.338250 0.342795 0.000000
vt 0.338595 0.347032 0.000000
vt 0.310491 0.331608 0.000000
vt 0.298027 0.313987 0.000000
vt 0.309170 0.303143 0.000000
vt 0.326002 0.291530 0.000000
vt 0.344687 0.286358 0.000000
vt 0.365837 0.285621 0.000000
vt 0.351459 0.350159 0.000000
vt 0.350119 0.354941 0.000000
vt 0.363389 0.364345 0.000000
vt 0.359270 0.368490 0.000000
vt 0.366033 0.359548 0.000000
vt 0.373443 0.371686 0.000000
vt 0.370595 0.353978 0.000000
vt 0.374351 0.350847 0.000000
vt 0.380438 0.359092 0.000000
vt 0.386631 0.360884 0.000000
vt 0.138207 0.322354 0.000000
vt 0.417792 0.439720 0.000000
vt 0.421504 0.434567 0.000000
vt 0.431021 0.445641 0.000000
vt 0.425449 0.429610 0.000000
vt 0.434676 0.439789 0.000000
vt 0.447453 0.441813 0.000000
vt 0.462140 0.436557 0.000000
vt 0.462642 0.430681 0.000000
vt 0.475088 0.431396 0.000000
vt 0.463037 0.421857 0.000000
vt 0.475198 0.423196 0.000000
vt 0.487860 0.423410 0.000000
vt 0.476867 0.413616 0.000000
vt 0.488905 0.412917 0.000000
vt 0.500480 0.409416 0.000000
vt 0.489578 0.400804 0.000000
vt 0.499677 0.396265 0.000000
vt 0.498335 0.385314 0.000000
vt 0.508387 0.382066 0.000000
vt 0.496637 0.379590 0.000000
vt 0.507002 0.377225 0.000000
vt 0.493979 0.374089 0.000000
vt 0.505937 0.372899 0.000000
vt 0.490169 0.367837 0.000000
vt 0.503015 0.363374 0.000000
vt 0.484502 0.359373 0.000000
vt 0.465921 0.365836 0.000000
vt 0.461808 0.355018 0.000000
vt 0.477258 0.351036 0.000000
vt 0.470552 0.342457 0.000000
vt 0.475340 0.322058 0.000000
vt 0.449939 0.362141 0.000000
vt 0.446936 0.355776 0.000000
vt 0.435401 0.364248 0.000000
vt 0.432615 0.358753 0.000000
vt 0.420236 0.370327 0.000000
vt 0.418438 0.364313 0.000000
vt 0.438256 0.369966 0.000000
vt 0.422609 0.374034 0.000000
vt 0.408488 0.376189 0.000000
vt 0.407308 0.372071 0.000000
vt 0.442206 0.374841 0.000000
vt 0.425095 0.377024 0.000000
vt 0.419831 0.376934 0.000000
vt 0.419534 0.382294 0.000000
vt 0.416176 0.382809 0.000000
vt 0.404219 0.380782 0.000000
vt 0.409778 0.381939 0.000000
vt 0.409932 0.387570 0.000000
vt 0.403548 0.387478 0.000000
vt 0.397907 0.387691 0.000000
vt 0.403984 0.395804 0.000000
vt 0.398221 0.399266 0.000000
vt 0.392352 0.400669 0.000000
vt 0.391555 0.387702 0.000000
vt 0.386359 0.401202 0.000000
vt 0.395416 0.416278 0.000000
vt 0.389056 0.418153 0.000000
vt 0.397777 0.435088 0.000000
vt 0.389335 0.438371 0.000000
vt 0.402425 0.413396 0.000000
vt 0.405903 0.430412 0.000000
vt 0.408110 0.408868 0.000000
vt 0.411258 0.425537 0.000000
vt 0.411846 0.406037 0.000000
vt 0.416027 0.420284 0.000000
vt 0.417251 0.402122 0.000000
vt 0.420642 0.415393 0.000000
vt 0.421008 0.397572 0.000000
vt 0.426987 0.409897 0.000000
vt 0.429004 0.395066 0.000000
vt 0.440921 0.395445 0.000000
vt 0.452135 0.396099 0.000000
vt 0.466190 0.402095 0.000000
vt 0.478231 0.402382 0.000000
vt 0.464055 0.412764 0.000000
vt 0.409666 0.393607 0.000000
vt 0.445979 0.369980 0.000000
vt 0.476029 0.548837 0.000000
vt 0.498823 0.570972 0.000000
vt 0.508948 0.590911 0.000000
vt 0.515985 0.674075 0.000000
vt 0.410943 0.377942 0.000000
vt 0.405544 0.365492 0.000000
vt 0.398889 0.363413 0.000000
vt 0.410760 0.365401 0.000000
vt 0.403047 0.368822 0.000000
vt 0.329005 0.378164 0.000000
vt 0.389382 0.362401 0.000000
vt 0.396215 0.366467 0.000000
o Bag_01
g Bag_01
s 1
f 1/1/1 2/2/2 3/3/3 4/4/4
f 1/1/1 4/4/4 5/5/5 6/6/6
f 1/1/1 6/6/6 7/7/7 2/2/2
f 8/8/8 9/9/9 10/10/10 11/11/11
f 8/8/8 11/11/11 12/12/12 13/13/13
f 14/14/14 15/15/15 16/16/16 17/17/17
f 18/18/18 19/19/19 20/20/20 21/21/21
f 22/22/22 23/23/23 24/24/24 25/25/25
f 22/22/22 25/25/25 26/26/26 27/27/27
f 22/22/22 27/27/27 28/28/28 29/29/29
f 30/30/30 31/31/31 32/32/32 33/33/33
f 30/30/30 33/33/33 34/34/34 35/35/35
f 36/36/36 37/37/37 38/38/38 39/39/39
f 40/40/40 41/41/41 42/42/42 43/43/43
f 40/40/40 43/43/43 44/44/44
f 45/45/45 46/46/46 47/47/47 48/48/48
f 49/49/49 50/50/50 51/51/51 52/52/52
f 49/49/49 52/52/52 53/53/53 54/54/54
f 49/49/49 55/55/55 56/56/56
f 49/49/49 54/54/54 57/57/57 55/55/55
f 49/49/49 56/56/56 58/58/58 50/50/50
f 59/59/59 60/60/60 61/61/61 62/62/62
f 59/59/59 62/62/62 63/63/63 64/64/64
f 65/65/65 66/66/66 67/67/67 68/68/68
f 68/68/68 67/67/67 33/33/33 32/32/32
f 68/68/68 32/32/32 69/69/69 70/70/70
f 71/71/71 72/72/72 73/73/73 74/74/74
f 71/71/71 74/74/74 75/75/75 76/76/76
f 71/71/71 76/76/76 77/77/77 78/78/78
f 71/71/71 78/78/78 79/79/79 80/80/80
f 71/71/71 80/80/80 81/81/81 72/72/72
f 82/82/82 83/83/83 84/84/84 85/85/85
f 86/86/86 87/87/87 88/88/88 89/89/89
f 86/86/86 89/89/89 90/90/90 91/91/91
f 86/86/86 92/92/92 87/87/87
f 93/93/93 94/94/94 95/95/95 96/96/96
f 93/93/93 96/96/96 97/97/97 98/98/98
f 93/93/93 98/98/98 99/99/99 94/94/94
f 100/100/100 101/101/101 102/102/102 103/103/103
f 104/104/104 105/105/105 101/101/101 100/100/100
f 100/100/100 103/103/103 106/106/106 104/104/104
f 107/107/107 108/108/108 109/109/109 110/110/110
f 111/111/111 112/112/112 5/5/5 4/4/4
f 111/111/111 4/4/4 113/113/113 114/114/114
f 111/111/111 114/114/114 115/115/115 112/112/112
f 116/116/116 117/117/117 118/118/118 119/119/119
f 120/120/120 121/121/121 122/122/122
f 122/122/122 123/123/123 124/124/124 120/120/120
f 125/125/125 126/126/126 10/10/10 127/127/127
f 125/125/125 128/128/128 129/129/129 126/126/126
f 125/125/125 130/130/130 131/131/131 128/128/128
f 130/130/130 125/125/125 132/132/132 133/133/133
f 130/130/130 133/133/133 134/134/134 135/135/135
f 130/130/130 135/135/135 136/136/136 137/137/137
f 138/138/138 139/139/139 140/140/140 141/141/141
f 142/142/142 143/143/143 144/144/144 145/145/145
f 142/142/142 145/145/145 146/146/146 147/147/147
f 142/142/142 147/147/147 148/148/148 143/143/143
f 149/149/149 150/150/150 151/151/151 152/152/152
f 149/149/149 152/152/152 153/153/153 154/154/154
f 149/149/149 154/154/154 155/155/155 150/150/150
f 156/156/156 157/157/157 158/158/158 159/159/159
f 156/156/156 159/159/159 160/160/160 161/161/161
f 156/156/156 162/162/162 64/64/64 157/157/157
f 163/163/163 164/164/164 165/165/165 166/166/166
f 163/163/163 166/166/166 77/77/77 167/167/167
f 163/163/163 167/167/167 168/168/168 164/164/164
f 169/169/169 170/170/170 171/171/171 172/172/172
f 169/169/169 172/172/172 92/92/92 173/173/173
f 174/174/174 175/175/175 176/176/176 177/177/177
f 174/174/174 177/177/177 28/28/28 178/178/178
f 179/179/179 180/180/180 181/181/181 82/82/82
f 182/182/182 183/183/183 180/180/180 179/179/179
f 179/179/179 82/82/82 85/85/85 182/182/182
f 184/184/184 185/185/185 186/186/186 187/187/187
f 184/184/184 187/187/187 188/188/188 189/189/189
f 184/184/184 189/189/189 190/190/190 185/185/185
f 191/191/191 190/192/190 189/193/189 192/194/192
f 191/191/191 193/195/193 194/196/194 190/192/190
f 191/191/191 195/197/195 196/198/196 193/195/193
f 197/199/197 187/187/187 186/186/186 198/200/198
f 39/39/39 188/188/188 187/187/187 197/199/197
f 197/199/197 198/200/198 36/36/36 39/39/39
f 37/37/37 36/36/36 198/200/198 199/201/199
f 37/37/37 200/202/200 99/99/99 98/98/98
f 201/203/201 202/204/202 203/205/203 204/206/204
f 205/207/205 206/208/206 191/191/191 192/194/192
f 205/207/205 192/194/192 207/209/207 208/210/208
f 205/207/205 208/210/208 209/211/209 210/212/210
f 211/213/211 104/104/104 210/212/210 209/211/209
f 211/213/211 209/211/209 212/214/212 213/215/213
f 211/213/211 213/215/213 105/105/105 104/104/104
f 214/216/214 215/217/215 216/218/216 217/219/217
f 214/216/214 217/219/217 218/220/218 219/221/219
f 214/216/214 94/94/94 99/99/99 215/217/215
f 220/222/220 101/101/101 105/105/105 221/223/221
f 220/222/220 222/224/222 102/102/102 101/101/101
f 223/225/223 224/226/224 225/227/225 226/228/226
f 223/225/223 226/228/226 219/221/219 218/220/218
f 223/225/223 227/229/227 228/230/228 224/226/224
f 229/231/229 230/232/230 231/233/231 232/234/232
f 107/107/107 233/235/233 234/236/234 108/108/108
f 235/237/235 236/238/236 237/239/237 238/240/238
f 235/237/235 239/241/239 240/242/240 236/238/236
f 239/241/239 241/243/241 242/244/242 243/245/243
f 239/241/239 243/245/243 244/246/244 245/247/245
f 239/241/239 245/247/245 246/248/246 240/242/240
f 47/47/47 46/46/46 247/249/247 248/250/248
f 47/47/47 248/250/248 249/251/249 250/252/250
f 245/247/245 244/246/244 251/253/251 246/248/246
f 252/254/252 253/255/253 254/256/254 255/257/255
f 252/254/252 256/258/256 257/259/257 253/255/253
f 258/260/258 259/261/259 260/262/260 261/263/261
f 262/264/262 263/265/263 264/266/264 258/260/258
f 265/267/265 264/266/264 263/265/263 266/268/266
f 265/267/265 266/268/266 267/269/267 268/270/268
f 265/267/265 268/270/268 269/271/269 264/266/264
f 269/271/269 270/272/270 271/273/271 272/274/272
f 269/271/269 268/270/268 58/58/58 270/272/270
f 57/57/57 273/275/273 274/276/274 55/55/55
f 275/277/275 276/278/276 124/124/124 123/123/123
f 275/277/275 123/123/123 277/279/277 278/280/278
f 129/129/129 138/138/138 141/141/141 126/126/126
f 129/129/129 279/281/279 280/282/280 138/138/138
f 127/127/127 281/283/281 132/132/132 125/125/125
f 127/127/127 10/10/10 9/9/9 281/283/281
f 282/284/282 283/285/283 284/286/284 285/287/285
f 286/288/286 13/13/13 12/12/12 287/289/287
f 286/288/286 287/289/287 288/290/288 289/291/289
f 286/288/286 289/291/289 290/292/290 13/13/13
f 291/293/291 292/294/292 290/292/290 289/291/289
f 291/293/291 293/295/293 294/296/294 292/294/292
f 291/293/291 143/143/143 148/148/148 293/295/293
f 291/293/291 289/291/289 295/297/295
f 296/298/296 297/299/297 298/300/298 299/301/299
f 296/298/296 299/301/299 300/302/300 301/303/301
f 296/298/296 301/303/301 302/304/302 303/305/303
f 296/298/296 303/305/303 304/306/304 297/299/297
f 305/307/305 306/308/306 307/309/307 308/310/308
f 305/307/305 308/310/308 309/311/309 310/312/310
f 305/307/305 310/312/310 311/313/311 306/308/306
f 312/314/312 313/315/313 314/316/314 315/317/315
f 312/314/312 315/317/315 316/318/316 317/319/317
f 312/314/312 317/319/317 318/320/318 313/315/313
f 319/321/319 320/322/320 321/323/321 322/324/322
f 319/321/319 322/324/322 323/325/323 324/326/324
f 319/321/319 324/326/324 325/327/325 320/322/320
f 158/158/158 326/328/326 327/329/327
f 327/329/327 328/330/328 159/159/159 158/158/158
f 328/330/328 329/331/329 330/332/330 331/333/331
f 328/330/328 327/329/327 332/334/332 329/331/329
f 333/335/333 334/336/334 15/15/15 335/337/335
f 333/335/333 336/338/336 337/339/337 334/336/334
f 338/340/338 329/331/329 332/334/332 339/341/339
f 17/17/17 330/332/330 329/331/329 338/340/338
f 340/342/340 341/343/341 342/344/342 343/345/343
f 340/342/340 279/281/279 344/346/344 341/343/341
f 344/346/344 345/347/345 346/348/346 341/343/341
f 344/346/344 279/281/279 129/129/129 128/128/128
f 344/346/344 128/128/128 131/131/131 345/347/345
f 346/348/346 347/349/347 348/350/348 349/351/349
f 346/348/346 349/351/349 342/344/342 341/343/341
f 346/348/346 345/347/345 350/352/350 347/349/347
f 350/352/350 351/353/351 352/354/352 347/349/347
f 350/352/350 345/347/345 131/131/131 353/355/353
f 350/352/350 353/355/353 354/356/354 351/353/351
f 354/356/354 355/357/355 356/358/356 351/353/351
f 354/356/354 353/355/353 137/137/137 357/359/357
f 354/356/354 357/359/357 358/360/358 355/357/355
f 358/360/358 122/122/122 121/121/121 355/357/355
f 358/360/358 357/359/357 359/361/359 277/279/277
f 358/360/358 277/279/277 123/123/123 122/122/122
f 359/361/359 357/359/357 137/137/137 136/136/136
f 359/361/359 136/136/136 360/362/360 361/363/361
f 359/361/359 361/363/361 278/280/278 277/279/277
f 361/363/361 360/362/360 362/364/362 363/365/363
f 361/363/361 363/365/363 364/366/364 278/280/278
f 364/366/364 365/367/365 275/277/275 278/280/278
f 364/366/364 363/365/363 282/284/282 285/287/285
f 364/366/364 285/287/285 366/368/366 365/367/365
f 366/368/366 285/287/285 284/286/284 367/369/367
f 366/368/366 367/369/367 368/370/368 369/371/369
f 366/368/366 369/371/369 370/372/370 365/367/365
f 370/372/370 369/371/369 371/373/371 372/374/372
f 370/372/370 372/374/372 373/375/373 374/376/374
f 370/372/370 374/376/374 275/277/275 365/367/365
f 373/375/373 372/374/372 375/377/375 376/378/376
f 373/375/373 376/378/376 377/379/377 378/380/378
f 373/375/373 378/380/378 379/381/379 374/376/374
f 378/380/378 377/379/377 380/382/380 381/383/381
f 378/380/378 381/383/381 382/384/382 379/381/379
f 381/383/381 380/382/380 383/385/383 384/386/384
f 381/383/381 384/386/384 385/387/385 382/384/382
f 385/387/385 386/388/386 274/276/274 382/384/382
f 385/387/385 384/386/384 387/389/387 271/273/271
f 385/387/385 271/273/271 270/272/270 386/388/386
f 387/389/387 384/386/384 383/385/383 388/390/388
f 387/389/387 388/390/388 389/391/389 390/392/390
f 387/389/387 390/392/390 272/274/272 271/273/271
f 390/392/390 389/391/389 391/393/391 392/394/392
f 390/392/390 392/394/392 393/395/393 272/274/272
f 393/395/393 394/396/394 269/271/269 272/274/272
f 393/395/393 392/394/392 395/397/395 396/398/396
f 393/395/393 396/398/396 397/399/397 394/396/394
f 397/399/397 259/261/259 258/260/258 394/396/394
f 397/399/397 396/398/396 398/400/398 399/401/399
f 397/399/397 399/401/399 400/402/400 259/261/259
f 400/402/400 401/403/401 260/262/260 259/261/259
f 400/402/400 399/401/399 402/404/402 403/405/403
f 400/402/400 403/405/403 404/406/404 401/403/401
f 404/406/404 405/407/405 406/408/406 401/403/401
f 404/406/404 403/405/403 407/409/407 408/410/408
f 404/406/404 408/410/408 409/411/409 405/407/405
f 409/411/409 410/412/410 411/413/411 405/407/405
f 409/411/409 408/410/408 412/414/412 413/415/413
f 409/411/409 413/415/413 414/416/414 410/412/410
f 414/416/414 415/417/415 416/418/416 410/412/410
f 414/416/414 413/415/413 417/419/417 418/420/418
f 414/416/414 418/420/418 419/421/419 415/417/415
f 419/421/419 420/422/420 421/423/421 415/417/415
f 419/421/419 418/420/418 422/424/422 423/425/423
f 419/421/419 423/425/423 424/426/424 420/422/420
f 424/426/424 425/427/425 426/428/426 420/422/420
f 424/426/424 423/425/423 228/230/228 227/229/227
f 424/426/424 227/229/227 427/429/427 425/427/425
f 427/429/427 234/236/234 428/430/428 425/427/425
f 427/429/427 227/229/227 223/225/223 429/431/429
f 427/429/427 429/431/429 108/108/108 234/236/234
f 429/431/429 223/225/223 218/220/218 430/432/430
f 429/431/429 430/432/430 109/109/109 108/108/108
f 430/432/430 431/433/431 432/434/432 109/109/109
f 430/432/430 218/220/218 217/219/217 431/433/431
f 432/434/432 433/435/433 156/156/156 161/161/161
f 432/434/432 161/161/161 110/110/110 109/109/109
f 432/434/432 431/433/431 434/436/434 433/435/433
f 434/436/434 435/437/435 436/438/436 433/435/433
f 434/436/434 431/433/431 217/219/217 216/218/216
f 434/436/434 216/218/216 437/439/437 435/437/435
f 437/439/437 438/440/438 439/441/439 435/437/435
f 437/439/437 216/218/216 215/217/215 440/442/440
f 437/439/437 440/442/440 441/443/441 438/440/438
f 441/443/441 442/444/442 443/445/443 438/440/438
f 441/443/441 440/442/440 200/202/200 444/446/444
f 441/443/441 444/446/444 445/447/445 442/444/442
f 445/447/445 181/181/181 446/448/446 442/444/442
f 445/447/445 444/446/444 199/201/199 83/83/83
f 445/447/445 83/83/83 82/82/82 181/181/181
f 446/448/446 447/449/447 448/450/448 449/451/449
f 446/448/446 449/451/449 443/445/443 442/444/442
f 446/448/446 181/181/181 180/180/180 447/449/447
f 449/451/449 448/450/448 450/452/450 451/453/451
f 449/451/449 451/453/451 452/454/452 443/445/443
f 452/454/452 451/453/451 165/165/165 453/455/453
f 452/454/452 453/455/453 454/456/454 439/441/439
f 452/454/452 439/441/439 438/440/438 443/445/443
f 454/456/454 453/455/453 61/61/61 60/60/60
f 454/456/454 60/60/60 162/162/162 436/438/436
f 454/456/454 436/438/436 435/437/435 439/441/439
f 453/455/453 165/165/165 164/164/164 61/61/61
f 451/453/451 450/452/450 166/166/166 165/165/165
f 450/452/450 78/78/78 77/77/77 166/166/166
f 450/452/450 448/450/448 79/79/79 78/78/78
f 448/450/448 447/449/447 455/457/455 79/79/79
f 455/457/455 456/458/456 80/80/80 79/79/79
f 455/457/455 447/449/447 180/180/180 183/183/183
f 455/457/455 183/183/183 457/459/457 456/458/456
f 457/459/457 458/460/458 459/461/459 456/458/456
f 457/459/457 183/183/183 182/182/182 460/462/460
f 457/459/457 460/462/460 461/463/461 458/460/458
f 461/463/461 462/464/462 463/465/463 458/460/458
f 461/463/461 460/462/460 464/466/464 465/467/465
f 461/463/461 465/467/465 466/468/466 462/464/462
f 466/468/466 467/469/467 468/470/468 462/464/462
f 466/468/466 465/467/465 469/471/469 470/472/470
f 466/468/466 470/472/470 471/473/471 467/469/467
f 471/473/471 472/474/472 473/475/473 467/469/467
f 471/473/471 470/472/470 474/476/474 475/477/475
f 471/473/471 475/477/475 476/478/476 472/474/472
f 476/478/476 477/479/477 478/480/478 472/474/472
f 476/481/476 475/482/475 479/483/479 480/484/480
f 476/481/476 480/484/480 481/485/481 477/486/477
f 481/485/481 482/487/482 483/488/483 477/486/477
f 481/485/481 480/484/480 484/489/484 485/490/485
f 481/485/481 485/490/485 486/491/486 482/487/482
f 486/491/486 487/492/487 488/493/488 482/487/482
f 486/491/486 485/490/485 489/494/489 490/495/490
f 486/491/486 490/495/490 491/496/491 487/492/487
f 491/496/491 492/497/492 493/498/493 487/492/487
f 491/496/491 490/495/490 494/499/494 495/500/495
f 491/496/491 495/500/495 496/501/496 492/497/492
f 496/501/496 497/502/497 498/503/498 492/497/492
f 496/501/496 495/500/495 499/504/499 500/505/500
f 496/501/496 500/505/500 501/506/501 497/502/497
f 501/506/501 502/507/502 321/323/321 497/502/497
f 501/506/501 500/505/500 503/508/503 504/509/504
f 501/506/501 504/509/504 505/510/505 502/507/502
f 505/510/505 506/511/506 507/512/507 502/507/502
f 505/510/505 504/509/504 508/513/508 509/514/509
f 505/510/505 509/514/509 510/515/510 506/511/506
f 510/515/510 511/516/511 512/517/512 506/511/506
f 510/515/510 509/514/509 513/518/513 514/519/514
f 510/515/510 514/519/514 515/520/515 511/516/511
f 515/520/515 377/379/377 376/378/376 511/516/511
f 515/520/515 514/519/514 516/521/516 517/522/517
f 515/520/515 517/522/517 380/382/380 377/379/377
f 517/522/517 516/521/516 518/523/518 519/524/519
f 517/522/517 519/524/519 383/385/383 380/382/380
f 519/524/519 518/523/518 520/525/520 521/526/521
f 519/524/519 521/526/521 388/390/388 383/385/383
f 521/526/521 520/525/520 522/527/522 523/528/523
f 521/526/521 523/528/523 389/391/389 388/390/388
f 523/528/523 522/527/522 524/529/524 525/530/525
f 523/528/523 525/530/525 391/393/391 389/391/389
f 525/530/525 524/529/524 526/531/526 527/532/527
f 525/530/525 527/532/527 528/533/528 391/393/391
f 528/533/528 395/397/395 392/394/392 391/393/391
f 528/533/528 527/532/527 529/534/529 530/535/530
f 528/533/528 530/535/530 531/536/531 395/397/395
f 531/536/531 398/400/398 396/398/396 395/397/395
f 531/536/531 530/535/530 532/537/532 533/538/533
f 531/536/531 533/538/533 534/539/534 398/400/398
f 534/539/534 402/404/402 399/401/399 398/400/398
f 534/539/534 533/538/533 535/540/535 536/541/536
f 534/539/534 536/541/536 537/542/537 402/404/402
f 537/542/537 407/409/407 403/405/403 402/404/402
f 537/542/537 536/541/536 538/543/538 539/544/539
f 537/542/537 539/544/539 540/545/540 407/409/407
f 540/545/540 412/414/412 408/410/408 407/409/407
f 540/545/540 539/544/539 541/546/541 542/547/542
f 540/545/540 542/547/542 543/548/543 412/414/412
f 543/548/543 417/419/417 413/415/413 412/414/412
f 543/548/543 542/547/542 544/549/544 545/550/545
f 543/548/543 545/550/545 546/551/546 417/419/417
f 546/551/546 422/424/422 418/420/418 417/419/417
f 546/551/546 545/550/545 547/552/547 231/233/231
f 546/551/546 231/233/231 230/232/230 422/424/422
f 547/552/547 545/550/545 544/549/544 548/553/548
f 547/552/547 548/553/548 549/554/549 550/555/550
f 547/552/547 550/555/550 232/234/232 231/233/231
f 550/555/550 549/554/549 106/106/106 103/103/103
f 550/555/550 103/103/103 225/227/225 232/234/232
f 549/554/549 548/553/548 551/556/551 552/557/552
f 549/554/549 552/557/552 553/558/553 106/106/106
f 553/558/553 552/557/552 554/559/554 555/560/555
f 553/558/553 555/560/555 205/207/205 210/212/210
f 553/558/553 210/212/210 104/104/104 106/106/106
f 555/560/555 554/559/554 556/561/556 557/562/557
f 555/560/555 557/562/557 206/208/206 205/207/205
f 557/562/557 556/561/556 558/563/558 559/564/559
f 557/562/557 559/564/559 560/565/560 206/208/206
f 560/565/560 559/564/559 561/566/561 562/567/562
f 560/565/560 562/567/562 563/568/563 195/197/195
f 560/565/560 195/197/195 191/191/191 206/208/206
f 563/568/563 562/567/562 307/309/307 306/308/306
f 563/568/563 306/308/306 311/313/311 564/569/564
f 563/568/563 564/569/564 196/198/196 195/197/195
f 564/569/564 565/570/565 566/571/566 196/198/196
f 564/569/564 311/313/311 567/572/567 565/570/565
f 567/572/567 568/573/568 569/574/569 565/570/565
f 567/572/567 311/313/311 310/312/310 570/575/570
f 567/572/567 570/575/570 571/576/571 568/573/568
f 571/576/571 572/577/572 573/578/573 568/573/568
f 571/576/571 570/575/570 574/579/574 575/580/575
f 571/576/571 575/580/575 576/581/576 572/577/572
f 576/581/576 577/582/577 578/583/578 572/577/572
f 576/581/576 575/580/575 579/584/579 580/585/580
f 576/581/576 580/585/580 581/586/581 577/582/577
f 581/586/581 582/587/582 583/588/583 577/582/577
f 581/586/581 580/585/580 584/589/584 585/590/585
f 581/586/581 585/590/585 586/591/586 582/587/582
f 586/591/586 587/592/587 588/593/588 582/587/582
f 586/591/586 585/590/585 589/594/589 590/595/590
f 586/591/586 590/595/590 591/596/591 587/592/587
f 591/596/591 592/597/592 593/598/593 587/592/587
f 591/596/591 590/595/590 594/599/594 595/600/595
f 591/596/591 595/600/595 596/601/596 592/597/592
f 596/601/596 150/150/150 155/155/155 592/597/592
f 596/601/596 595/600/595 597/602/597 598/603/598
f 596/601/596 598/603/598 151/151/151 150/150/150
f 598/603/598 599/604/599 600/605/600 151/151/151
f 598/603/598 597/602/597 601/606/601 599/604/599
f 601/606/601 602/607/602 603/608/603 599/604/599
f 601/606/601 597/602/597 604/609/604 605/610/605
f 601/606/601 605/610/605 606/611/606 602/607/602
f 606/611/606 607/612/607 608/613/608 602/607/602
f 606/611/606 605/610/605 609/614/609 610/615/610
f 606/611/606 610/615/610 611/616/611 607/612/607
f 611/616/611 612/617/612 526/531/526 607/612/607
f 611/616/611 610/615/610 613/618/613 614/619/614
f 611/616/611 614/619/614 615/620/615 612/617/612
f 615/620/615 616/621/616 529/534/529 612/617/612
f 615/620/615 614/619/614 617/622/617 618/623/618
f 615/620/615 618/623/618 619/624/619 616/621/616
f 619/624/619 620/625/620 532/537/532 616/621/616
f 619/624/619 618/623/618 621/626/621 622/627/622
f 619/624/619 622/627/622 623/628/623 620/625/620
f 623/628/623 624/629/624 535/540/535 620/625/620
f 623/628/623 622/627/622 625/630/625 626/631/626
f 623/628/623 626/631/626 627/632/627 624/629/624
f 627/632/627 628/633/628 538/543/538 624/629/624
f 627/632/627 626/631/626 629/634/629 630/635/630
f 627/632/627 630/635/630 631/636/631 628/633/628
f 631/636/631 632/637/632 541/546/541 628/633/628
f 631/636/631 630/635/630 633/638/633 634/639/634
f 631/636/631 634/639/634 551/556/551 632/637/632
f 634/639/634 633/638/633 556/561/556 554/559/554
f 634/639/634 554/559/554 552/557/552 551/556/551
f 633/638/633 630/635/630 629/634/629 635/640/635
f 633/638/633 635/640/635 558/563/558 556/561/556
f 635/640/635 629/634/629 636/641/636 637/642/637
f 635/640/635 637/642/637 638/643/638 558/563/558
f 638/643/638 637/642/637 639/644/639 640/645/640
f 638/643/638 640/645/640 641/646/641 561/566/561
f 638/643/638 561/566/561 559/564/559 558/563/558
f 641/646/641 640/645/640 642/647/642 643/648/643
f 641/646/641 643/648/643 308/310/308 307/309/307
f 641/646/641 307/309/307 562/567/562 561/566/561
f 643/648/643 642/647/642 644/649/644 645/650/645
f 643/648/643 645/650/645 309/311/309 308/310/308
f 645/650/645 646/651/646 574/579/574 309/311/309
f 645/650/645 644/649/644 647/652/647 646/651/646
f 647/652/647 648/653/648 579/584/579 646/651/646
f 647/652/647 644/649/644 649/654/649 650/655/650
f 647/652/647 650/655/650 651/656/651 648/653/648
f 651/656/651 652/657/652 584/589/584 648/653/648
f 651/656/651 650/655/650 653/658/653 654/659/654
f 651/656/651 654/659/654 655/660/655 652/657/652
f 655/660/655 656/661/656 589/594/589 652/657/652
f 655/660/655 654/659/654 316/318/316 657/662/657
f 655/660/655 657/662/657 658/663/658 656/661/656
f 658/663/658 609/614/609 605/610/605 604/609/604
f 658/663/658 604/609/604 594/599/594 656/661/656
f 658/663/658 657/662/657 659/664/659 609/614/609
f 659/664/659 613/618/613 610/615/610 609/614/609
f 659/664/659 657/662/657 316/318/316 315/317/315
f 659/664/659 315/317/315 314/316/314 613/618/613
f 656/661/656 594/599/594 590/595/590 589/594/589
f 654/659/654 653/658/653 317/319/317 316/318/316
f 653/658/653 650/655/650 649/654/649 660/665/660
f 653/658/653 660/665/660 318/320/318 317/319/317
f 660/665/660 661/666/661 662/667/662 318/320/318
f 660/665/660 649/654/649 663/668/663 661/666/661
f 663/668/663 639/644/639 664/669/664 661/666/661
f 663/668/663 649/654/649 644/649/644 642/647/642
f 663/668/663 642/647/642 640/645/640 639/644/639
f 664/669/664 636/641/636 625/630/625 665/670/665
f 664/669/664 665/670/665 662/667/662 661/666/661
f 664/669/664 639/644/639 637/642/637 636/641/636
f 665/670/665 625/630/625 622/627/622 621/626/621
f 665/670/665 621/626/621 666/671/666 662/667/662
f 666/671/666 621/626/621 618/623/618 617/622/617
f 666/671/666 617/622/617 314/316/314 313/315/313
f 666/671/666 313/315/313 318/320/318 662/667/662
f 652/657/652 589/594/589 585/590/585 584/589/584
f 648/653/648 584/589/584 580/585/580 579/584/579
f 646/651/646 579/584/579 575/580/575 574/579/574
f 636/641/636 629/634/629 626/631/626 625/630/625
f 632/637/632 544/549/544 542/547/542 541/546/541
f 632/637/632 551/556/551 548/553/548 544/549/544
f 628/633/628 541/546/541 539/544/539 538/543/538
f 624/629/624 538/543/538 536/541/536 535/540/535
f 620/625/620 535/540/535 533/538/533 532/537/532
f 617/622/617 614/619/614 613/618/613 314/316/314
f 616/621/616 532/537/532 530/535/530 529/534/529
f 612/617/612 529/534/529 527/532/527 526/531/526
f 608/613/608 524/529/524 522/527/522 667/672/667
f 608/613/608 667/672/667 603/608/603 602/607/602
f 608/613/608 607/612/607 526/531/526 524/529/524
f 667/672/667 522/527/522 520/525/520 668/673/668
f 667/672/667 668/673/668 669/674/669 603/608/603
f 669/674/669 668/673/668 670/675/670 671/676/671
f 669/674/669 671/676/671 672/677/672 600/605/600
f 669/674/669 600/605/600 599/604/599 603/608/603
f 672/677/672 671/676/671 673/678/673 674/679/674
f 672/677/672 674/679/674 153/153/153 152/152/152
f 672/677/672 152/152/152 151/151/151 600/605/600
f 674/679/674 673/678/673 675/680/675 676/681/676
f 674/679/674 676/681/676 677/682/677 153/153/153
f 677/682/677 676/681/676 678/683/678 679/684/679
f 677/682/677 679/684/679 680/685/680 681/686/681
f 677/682/677 681/686/681 154/154/154 153/153/153
f 681/686/681 680/685/680 682/687/682 683/688/683
f 681/686/681 683/688/683 155/155/155 154/154/154
f 683/688/683 682/687/682 684/689/684 593/598/593
f 683/688/683 593/598/593 592/597/592 155/155/155
f 684/689/684 682/687/682 685/690/685 686/691/686
f 684/689/684 686/691/686 687/692/687 588/593/588
f 684/689/684 588/593/588 587/592/587 593/598/593
f 687/692/687 686/691/686 688/693/688 689/694/689
f 687/692/687 689/694/689 690/695/690 583/588/583
f 687/692/687 583/588/583 582/587/582 588/593/588
f 690/695/690 689/694/689 691/696/691 692/697/692
f 690/695/690 692/697/692 693/698/693 578/583/578
f 690/695/690 578/583/578 577/582/577 583/588/583
f 693/698/693 692/697/692 694/699/694 695/700/695
f 693/698/693 695/700/695 696/701/696 573/578/573
f 693/698/693 573/578/573 572/577/572 578/583/578
f 696/701/696 695/700/695 697/702/697 698/703/698
f 696/701/696 698/703/698 699/704/699 569/574/569
f 696/701/696 569/574/569 568/573/568 573/578/573
f 699/704/699 698/703/698 700/705/700 701/706/701
f 699/704/699 701/706/701 702/707/702 566/571/566
f 699/704/699 566/571/566 565/570/565 569/574/569
f 702/707/702 701/706/701 703/708/703 704/709/704
f 702/707/702 704/709/704 194/196/194 193/195/193
f 702/707/702 193/195/193 196/198/196 566/571/566
f 704/710/704 703/711/703 705/712/705 706/713/706
f 704/710/704 706/713/706 707/714/707 194/715/194
f 707/714/707 706/713/706 708/716/708 709/717/709
f 707/714/707 709/717/709 186/186/186 185/185/185
f 707/714/707 185/185/185 190/190/190 194/715/194
f 709/717/709 708/716/708 85/85/85 84/84/84
f 709/717/709 84/84/84 198/200/198 186/186/186
f 708/716/708 710/718/710 182/182/182 85/85/85
f 708/716/708 706/713/706 705/712/705 710/718/710
f 710/718/710 464/466/464 460/462/460 182/182/182
f 710/718/710 705/712/705 711/719/711 464/466/464
f 711/719/711 469/471/469 465/467/465 464/466/464
f 711/719/711 705/712/705 703/711/703 712/720/712
f 711/719/711 712/720/712 713/721/713 469/471/469
f 713/721/713 474/476/474 470/472/470 469/471/469
f 713/722/713 712/723/712 700/705/700 714/724/714
f 713/722/713 714/724/714 715/725/715 474/726/474
f 715/725/715 479/483/479 475/482/475 474/726/474
f 715/725/715 714/724/714 697/702/697 716/727/716
f 715/725/715 716/727/716 717/728/717 479/483/479
f 717/728/717 484/489/484 480/484/480 479/483/479
f 717/728/717 716/727/716 694/699/694 718/729/718
f 717/728/717 718/729/718 719/730/719 484/489/484
f 719/730/719 489/494/489 485/490/485 484/489/484
f 719/730/719 718/729/718 691/696/691 720/731/720
f 719/730/719 720/731/720 721/732/721 489/494/489
f 721/732/721 494/499/494 490/495/490 489/494/489
f 721/732/721 720/731/720 688/693/688 722/733/722
f 721/732/721 722/733/722 723/734/723 494/499/494
f 723/734/723 499/504/499 495/500/495 494/499/494
f 723/734/723 722/733/722 685/690/685 724/735/724
f 723/734/723 724/735/724 725/736/725 499/504/499
f 725/736/725 503/508/503 500/505/500 499/504/499
f 725/736/725 724/735/724 680/685/680 679/684/679
f 725/736/725 679/684/679 678/683/678 503/508/503
f 724/735/724 685/690/685 682/687/682 680/685/680
f 722/733/722 688/693/688 686/691/686 685/690/685
f 720/731/720 691/696/691 689/694/689 688/693/688
f 718/729/718 694/699/694 692/697/692 691/696/691
f 716/727/716 697/702/697 695/700/695 694/699/694
f 714/724/714 700/705/700 698/703/698 697/702/697
f 712/723/712 703/708/703 701/706/701 700/705/700
f 678/683/678 508/513/508 504/509/504 503/508/503
f 678/683/678 676/681/676 675/680/675 508/513/508
f 675/680/675 513/518/513 509/514/509 508/513/508
f 675/680/675 673/678/673 726/737/726 513/518/513
f 726/737/726 516/521/516 514/519/514 513/518/513
f 726/737/726 673/678/673 671/676/671 670/675/670
f 726/737/726 670/675/670 518/523/518 516/521/516
f 670/675/670 668/673/668 520/525/520 518/523/518
f 604/609/604 597/602/597 595/600/595 594/599/594
f 574/579/574 570/575/570 310/312/310 309/311/309
f 512/517/512 375/377/375 727/738/727 728/739/728
f 512/517/512 728/739/728 507/512/507 506/511/506
f 512/517/512 511/516/511 376/378/376 375/377/375
f 728/739/728 727/738/727 729/740/729 323/325/323
f 728/739/728 323/325/323 322/324/322 507/512/507
f 729/740/729 730/741/730 731/742/731 732/743/732
f 729/740/729 732/743/732 324/326/324 323/325/323
f 729/740/729 727/738/727 371/373/371 730/741/730
f 732/743/732 731/742/731 733/744/733 734/745/734
f 732/743/732 734/745/734 325/327/325 324/326/324
f 734/745/734 733/744/733 735/746/735 736/747/736
f 734/745/734 736/747/736 737/748/737 325/327/325
f 737/748/737 736/747/736 738/749/738 493/498/493
f 737/748/737 493/498/493 492/497/492 498/503/498
f 737/748/737 498/503/498 320/322/320 325/327/325
f 738/749/738 736/747/736 735/746/735 739/750/739
f 738/749/738 739/750/739 740/751/740 488/493/488
f 738/749/738 488/493/488 487/492/487 493/498/493
f 740/752/740 739/753/739 741/754/741 742/755/742
f 740/752/740 742/755/742 743/756/743 483/757/483
f 740/751/740 483/488/483 482/487/482 488/493/488
f 743/756/743 742/755/742 744/758/744 24/24/24
f 743/756/743 24/24/24 23/23/23 478/480/478
f 743/756/743 478/480/478 477/479/477 483/757/483
f 744/758/744 745/759/745 303/305/303 302/304/302
f 744/758/744 302/304/302 25/25/25 24/24/24
f 744/758/744 742/755/742 741/754/741 745/759/745
f 745/759/745 746/760/746 304/306/304 303/305/303
f 745/759/745 741/754/741 747/761/747 746/760/746
f 747/761/747 748/762/748 749/763/749 746/760/746
f 747/761/747 741/754/741 739/753/739 735/764/735
f 747/761/747 735/764/735 733/765/733 748/762/748
f 749/763/749 750/766/750 751/767/751 752/768/752
f 749/763/749 752/768/752 304/306/304 746/760/746
f 749/763/749 748/762/748 753/769/753 750/766/750
f 753/769/753 368/370/368 367/369/367 750/766/750
f 753/769/753 748/762/748 733/765/733 731/770/731
f 753/769/753 731/742/731 730/741/730 368/370/368
f 752/768/752 751/767/751 754/771/754 755/772/755
f 752/768/752 755/772/755 297/299/297 304/306/304
f 755/772/755 754/771/754 756/773/756 757/774/757
f 755/772/755 757/774/757 298/300/298 297/299/297
f 757/774/757 756/773/756 758/775/758 759/776/759
f 757/774/757 759/776/759 760/777/760 298/300/298
f 760/777/760 759/776/759 134/134/134 761/778/761
f 760/777/760 761/778/761 762/779/762 763/780/763
f 760/777/760 763/780/763 299/301/299 298/300/298
f 763/780/763 762/779/762 764/781/764 765/782/765
f 763/780/763 765/782/765 300/302/300 299/301/299
f 765/782/765 764/781/764 766/783/766 767/784/767
f 765/782/765 767/784/767 768/785/768 300/302/300
f 768/785/768 767/784/767 769/786/769 770/787/770
f 768/785/768 770/787/770 27/27/27 26/26/26
f 768/785/768 26/26/26 301/303/301 300/302/300
f 770/787/770 769/786/769 771/788/771 178/178/178
f 770/787/770 178/178/178 28/28/28 27/27/27
f 771/788/771 769/786/769 772/789/772 773/790/773
f 771/788/771 773/790/773 774/791/774 175/175/175
f 771/788/771 175/175/175 174/174/174 178/178/178
f 774/791/774 773/790/773 775/792/775 776/793/776
f 774/791/774 776/793/776 777/794/777 778/795/778
f 774/791/774 778/795/778 176/176/176 175/175/175
f 778/795/778 777/794/777 70/70/70 69/69/69
f 778/795/778 69/69/69 779/796/779 176/176/176
f 779/796/779 69/69/69 32/32/32 31/31/31
f 779/796/779 31/31/31 780/797/780 781/798/781
f 779/796/779 781/798/781 177/177/177 176/176/176
f 781/798/781 780/797/780 782/799/782 29/29/29
f 781/798/781 29/29/29 28/28/28 177/177/177
f 777/794/777 776/793/776 783/800/783 784/801/784
f 777/794/777 784/801/784 785/802/785 70/70/70
f 785/802/785 784/801/784 171/171/171 170/170/170
f 785/802/785 170/170/170 786/803/786 787/804/787
f 785/802/785 787/804/787 68/68/68 70/70/70
f 787/804/787 786/803/786 788/805/788 789/806/789
f 787/804/787 789/806/789 65/65/65 68/68/68
f 789/806/789 790/807/790 66/66/66 65/65/65
f 790/807/790 791/808/791 792/809/792 66/66/66
f 792/809/792 791/808/791 793/810/793 794/811/794
f 792/809/792 794/811/794 795/812/795 796/813/796
f 792/809/792 796/813/796 67/67/67 66/66/66
f 796/813/796 795/812/795 797/814/797 34/34/34
f 796/813/796 34/34/34 33/33/33 67/67/67
f 797/814/797 795/812/795 72/72/72 81/81/81
f 797/814/797 81/81/81 459/461/459 798/815/798
f 797/814/797 798/815/798 35/35/35 34/34/34
f 798/815/798 459/461/459 458/460/458 463/465/463
f 798/815/798 463/465/463 799/816/799 35/35/35
f 795/812/795 794/811/794 73/73/73 72/72/72
f 794/811/794 793/810/793 800/817/800 73/73/73
f 800/817/800 793/810/793 90/90/90 801/818/801
f 800/817/800 801/818/801 40/40/40 44/44/44
f 800/817/800 44/44/44 74/74/74 73/73/73
f 801/818/801 90/90/90 89/89/89 802/819/802
f 801/818/801 802/819/802 40/40/40
f 802/819/802 89/89/89 88/88/88 803/820/803
f 802/819/802 803/820/803 804/821/804 41/41/41
f 804/821/804 803/820/803 332/334/332 327/329/327
f 804/821/804 327/329/327 326/328/326 805/822/805
f 804/821/804 805/822/805 42/42/42 41/41/41
f 805/822/805 326/328/326 806/823/806 807/824/807
f 805/822/805 807/824/807 808/825/808 42/42/42
f 808/825/808 75/75/75 43/43/43 42/42/42
f 808/825/808 807/824/807 809/826/809 810/827/810
f 808/825/808 810/827/810 76/76/76 75/75/75
f 810/827/810 809/826/809 168/168/168 167/167/167
f 810/827/810 167/167/167 77/77/77 76/76/76
f 809/826/809 807/824/807 806/823/806 63/63/63
f 809/826/809 63/63/63 62/62/62 168/168/168
f 806/823/806 326/328/326 158/158/158 157/157/157
f 806/823/806 157/157/157 64/64/64 63/63/63
f 803/820/803 88/88/88 339/341/339 332/334/332
f 793/810/793 791/808/791 91/91/91 90/90/90
f 786/803/786 170/170/170 169/169/169 173/173/173
f 786/803/786 173/173/173 86/86/86 788/805/788
f 784/801/784 783/800/783 811/828/811 171/171/171
f 811/828/811 812/829/812 813/830/813 814/831/814
f 811/828/811 814/831/814 172/172/172 171/171/171
f 811/828/811 783/800/783 815/832/815 812/829/812
f 815/832/815 146/146/146 145/145/145 812/829/812
f 815/832/815 783/800/783 776/793/776 775/792/775
f 815/832/815 775/792/775 816/833/816 146/146/146
f 816/833/816 817/834/817 147/147/147 146/146/146
f 816/833/816 775/792/775 773/790/773 772/789/772
f 816/833/816 772/789/772 766/783/766 817/834/817
f 817/834/817 818/835/818 148/148/148 147/147/147
f 817/834/817 766/783/766 764/781/764 818/835/818
f 818/835/818 819/836/819 293/295/293 148/148/148
f 818/835/818 764/781/764 762/779/762 819/836/819
f 819/836/819 820/837/820 294/296/294 293/295/293
f 819/836/819 762/779/762 761/778/761 820/837/820
f 820/837/820 133/133/133 132/132/132 294/296/294
f 820/837/820 761/778/761 134/134/134 133/133/133
f 814/831/814 813/830/813 821/838/821 822/839/822
f 814/831/814 822/839/822 92/92/92 172/172/172
f 822/839/822 821/838/821 823/840/823 824/841/824
f 822/839/822 824/841/824 87/87/87 92/92/92
f 824/841/824 339/341/339 88/88/88 87/87/87
f 823/840/823 821/838/821 295/297/295 825/842/825
f 823/840/823 825/842/825 18/18/18 826/843/826
f 825/842/825 295/297/295 288/290/288 827/844/827
f 825/842/825 827/844/827 19/19/19 18/18/18
f 19/19/19 827/844/827 828/845/828 829/846/829
f 19/19/19 829/846/829 830/847/830 20/20/20
f 829/846/829 828/845/828 140/140/140 139/139/139
f 829/846/829 139/139/139 280/282/280 830/847/830
f 828/845/828 287/289/287 12/12/12 140/140/140
f 828/845/828 827/844/827 288/290/288 287/289/287
f 812/829/812 145/145/145 144/144/144 813/830/813
f 772/789/772 769/786/769 767/784/767 766/783/766
f 759/776/759 758/775/758 135/135/135 134/134/134
f 758/775/758 360/362/360 136/136/136 135/135/135
f 758/775/758 756/773/756 362/364/362 360/362/360
f 756/773/756 754/771/754 283/285/283 362/364/362
f 754/771/754 751/767/751 284/286/284 283/285/283
f 751/767/751 750/766/750 367/369/367 284/286/284
f 730/741/730 371/373/371 369/371/369 368/370/368
f 727/738/727 375/377/375 372/374/372 371/373/371
f 507/512/507 322/324/322 321/323/321 502/507/502
f 498/503/498 497/502/497 321/323/321 320/322/320
f 478/480/478 23/23/23 473/475/473 472/474/472
f 473/475/473 23/23/23 22/22/22 831/848/831
f 473/475/473 831/848/831 468/470/468 467/469/467
f 831/848/831 22/22/22 29/29/29 782/799/782
f 831/848/831 782/799/782 799/816/799 468/470/468
f 468/470/468 799/816/799 463/465/463 462/464/462
f 459/461/459 81/81/81 80/80/80 456/458/456
f 444/446/444 200/202/200 37/37/37 199/201/199
f 440/442/440 215/217/215 99/99/99 200/202/200
f 436/438/436 162/162/162 156/156/156 433/435/433
f 428/430/428 832/849/832 833/850/833 834/851/834
f 428/430/428 834/851/834 426/428/426 425/427/425
f 428/430/428 234/236/234 233/235/233 832/849/832
f 834/851/834 833/850/833 835/852/835 836/853/836
f 834/851/834 836/853/836 837/854/837 426/428/426
f 837/854/837 836/853/836 2/2/2 7/7/7
f 837/854/837 7/7/7 838/855/838 421/423/421
f 837/854/837 421/423/421 420/422/420 426/428/426
f 838/855/838 7/7/7 6/6/6 839/856/839
f 838/855/838 839/856/839 840/857/840 416/418/416
f 838/855/838 416/418/416 415/417/415 421/423/421
f 840/857/840 839/856/839 841/858/841 842/859/842
f 840/857/840 842/859/842 843/860/843 411/413/411
f 840/857/840 411/413/411 410/412/410 416/418/416
f 843/860/843 842/859/842 844/861/844 845/862/845
f 843/860/843 845/862/845 846/863/846 406/408/406
f 843/860/843 406/408/406 405/407/405 411/413/411
f 846/863/846 845/862/845 847/864/847 848/865/848
f 846/863/846 848/865/848 261/263/261 260/262/260
f 846/863/846 260/262/260 401/403/401 406/408/406
f 848/865/848 847/864/847 250/252/250 849/866/849
f 848/865/848 849/866/849 850/867/850 261/263/261
f 849/866/849 250/252/250 249/251/249 851/868/851
f 849/866/849 851/868/851 852/869/852 850/867/850
f 852/869/852 263/265/263 262/264/262 850/867/850
f 852/869/852 851/868/851 853/870/853 854/871/854
f 852/869/852 854/871/854 266/268/266 263/265/263
f 854/871/854 853/870/853 855/872/855 856/873/856
f 854/871/854 856/873/856 267/269/267 266/268/266
f 856/873/856 855/872/855 857/874/857 51/51/51
f 856/873/856 51/51/51 50/50/50 267/269/267
f 857/874/857 855/872/855 256/258/256 858/875/858
f 857/874/857 858/875/858 859/876/859 860/877/860
f 857/874/857 860/877/860 52/52/52 51/51/51
f 860/877/860 859/876/859 348/350/348 861/878/861
f 860/877/860 861/878/861 53/53/53 52/52/52
f 861/878/861 348/350/348 347/349/347 352/354/352
f 861/878/861 352/354/352 862/879/862 53/53/53
f 862/879/862 118/118/118 54/54/54 53/53/53
f 862/879/862 352/354/352 351/353/351 356/358/356
f 862/879/862 356/358/356 119/119/119 118/118/118
f 859/876/859 858/875/858 863/880/863 864/881/864
f 859/876/859 864/881/864 349/351/349 348/350/348
f 864/881/864 863/880/863 865/882/865 866/883/866
f 864/881/864 866/883/866 342/344/342 349/351/349
f 866/883/866 865/882/865 867/884/867 868/885/868
f 866/883/866 868/885/868 343/345/343 342/344/342
f 867/884/867 865/882/865 869/886/869 870/887/870
f 867/884/867 870/887/870 871/888/871 872/889/872
f 870/887/870 869/886/869 873/890/873 874/891/874
f 870/887/870 874/891/874 875/892/875
f 875/892/875 874/891/874 876/893/876 877/894/877
f 878/895/878 879/896/879 880/897/880 881/898/881
f 878/895/878 881/898/881 882/899/882 337/339/337
f 882/899/882 881/898/881 883/900/883 884/901/884
f 882/899/882 884/901/884 885/902/885 886/903/886
f 882/899/882 886/903/886 334/336/334 337/339/337
f 886/903/886 885/902/885 887/904/887 16/16/16
f 886/903/886 16/16/16 15/15/15 334/336/334
f 887/904/887 885/902/885 888/905/888 889/906/889
f 887/904/887 889/906/889 331/333/331 330/332/330
f 887/904/887 330/332/330 17/17/17 16/16/16
f 889/906/889 888/905/888 890/907/890 891/908/891
f 889/906/889 891/908/891 160/160/160 331/333/331
f 891/908/891 890/907/890 107/107/107 110/110/110
f 891/908/891 110/110/110 161/161/161 160/160/160
f 890/907/890 888/905/888 892/909/892 893/910/893
f 890/907/890 893/910/893 233/235/233 107/107/107
f 893/910/893 892/909/892 894/911/894 895/912/895
f 893/910/893 895/912/895 832/849/832 233/235/233
f 895/912/895 894/911/894 896/913/896 897/914/897
f 895/912/895 897/914/897 833/850/833 832/849/832
f 897/914/897 896/913/896 898/915/898 899/916/899
f 897/914/897 899/916/899 835/852/835 833/850/833
f 899/916/899 898/915/898 900/917/900 901/918/901
f 899/916/899 901/918/901 3/3/3 835/852/835
f 901/918/901 900/917/900 902/919/902 113/113/113
f 901/918/901 113/113/113 4/4/4 3/3/3
f 902/919/902 240/242/240 246/248/246 903/920/903
f 902/919/902 903/920/903 114/114/114 113/113/113
f 902/919/902 900/917/900 236/238/236 240/242/240
f 903/920/903 246/248/246 251/253/251 904/921/904
f 903/920/903 904/921/904 115/115/115 114/114/114
f 904/921/904 251/253/251 45/45/45 48/48/48
f 904/921/904 48/48/48 905/922/905 115/115/115
f 905/922/905 48/48/48 47/47/47 906/923/906
f 905/922/905 906/923/906 844/861/844 907/924/907
f 905/922/905 907/924/907 112/112/112 115/115/115
f 907/924/907 844/861/844 842/859/842 841/858/841
f 907/924/907 841/858/841 5/5/5 112/112/112
f 906/923/906 47/47/47 250/252/250 847/864/847
f 906/923/906 847/864/847 845/862/845 844/861/844
f 900/917/900 898/915/898 237/239/237 236/238/236
f 898/915/898 896/913/896 908/925/908 237/239/237
f 908/925/908 880/897/880 238/240/238 237/239/237
f 908/925/908 896/913/896 894/911/894 883/900/883
f 908/925/908 883/900/883 881/898/881 880/897/880
f 894/911/894 892/909/892 884/901/884 883/900/883
f 892/909/892 888/905/888 885/902/885 884/901/884
f 874/891/874 873/890/873 242/244/242 241/243/241
f 873/890/873 255/257/255 254/256/254 242/244/242
f 873/890/873 869/886/869 909/926/909 255/257/255
f 869/886/869 865/882/865 863/880/863 909/926/909
f 855/872/855 853/870/853 257/259/257 256/258/256
f 853/870/853 851/868/851 249/251/249 257/259/257
f 841/858/841 839/856/839 6/6/6 5/5/5
f 836/853/836 835/852/835 3/3/3 2/2/2
f 423/425/423 422/424/422 230/232/230 228/230/228
f 394/396/394 258/260/258 264/266/264 269/271/269
f 386/388/386 270/272/270 58/58/58 56/56/56
f 363/365/363 362/364/362 283/285/283 282/284/282
f 356/358/356 355/357/355 121/121/121 119/119/119
f 353/355/353 131/131/131 130/130/130 137/137/137
f 331/333/331 160/160/160 159/159/159 328/330/328
f 302/304/302 301/303/301 26/26/26 25/25/25
f 294/296/294 132/132/132 281/283/281 292/294/292
f 292/294/292 281/283/281 9/9/9 290/292/290
f 290/292/290 9/9/9 8/8/8 13/13/13
f 268/270/268 267/269/267 50/50/50 58/58/58
f 858/875/858 256/258/256 252/254/252 255/257/255
f 909/926/909 863/880/863 858/875/858 255/257/255
f 257/259/257 249/251/249 248/250/248 253/255/253
f 254/256/254 253/255/253 248/250/248 247/249/247
f 254/256/254 247/249/247 243/245/243 242/244/242
f 251/253/251 244/246/244 46/46/46 45/45/45
f 247/249/247 46/46/46 244/246/244 243/245/243
f 877/894/877 876/893/876 235/237/235 238/240/238
f 232/234/232 225/227/225 224/226/224 229/231/229
f 230/232/230 229/231/229 224/226/224 228/230/228
f 226/228/226 225/227/225 103/103/103 102/102/102
f 226/228/226 102/102/102 222/224/222 219/221/219
f 222/224/222 220/222/220 221/223/221 910/927/910
f 222/224/222 910/927/910 214/216/214 219/221/219
f 910/927/910 221/223/221 911/928/911 95/95/95
f 910/927/910 95/95/95 94/94/94 214/216/214
f 911/928/911 221/223/221 105/105/105 213/215/213
f 911/928/911 213/215/213 212/214/212 912/929/912
f 911/928/911 912/929/912 96/96/96 95/95/95
f 912/929/912 212/214/212 203/205/203 202/204/202
f 912/929/912 202/204/202 97/97/97 96/96/96
f 212/214/212 209/211/209 208/210/208 203/205/203
f 208/210/208 207/209/207 204/206/204 203/205/203
f 207/209/207 188/930/188 39/39/39 204/206/204
f 207/209/207 192/194/192 189/193/189 188/930/188
f 204/206/204 39/39/39 38/38/38 201/203/201
f 202/204/202 201/203/201 38/38/38 97/97/97
f 199/201/199 198/200/198 84/84/84 83/83/83
f 168/168/168 62/62/62 61/61/61 164/164/164
f 162/162/162 60/60/60 59/59/59 64/64/64
f 144/144/144 143/143/143 291/293/291 295/297/295
f 144/144/144 295/297/295 821/838/821 813/830/813
f 141/141/141 140/140/140 12/12/12 11/11/11
f 141/141/141 11/11/11 10/10/10 126/126/126
f 121/121/121 120/120/120 116/116/116 119/119/119
f 118/118/118 117/117/117 57/57/57 54/54/54
f 98/98/98 97/97/97 38/38/38 37/37/37
f 75/75/75 74/74/74 44/44/44 43/43/43
f 780/797/780 31/31/31 30/30/30 35/35/35
f 780/797/780 35/35/35 799/816/799 782/799/782
f 262/264/262 258/260/258 261/263/261 850/867/850
f 274/276/274 386/388/386 56/56/56 55/55/55
f 276/278/276 275/277/275 374/376/374 379/381/379
f 116/116/116 120/120/120 124/124/124 273/275/273
f 273/275/273 124/124/124 276/278/276 274/276/274
f 274/276/274 276/278/276 379/381/379 382/384/382
f 57/57/57 117/117/117 116/116/116 273/275/273
f 280/282/280 139/139/139 138/138/138
f 877/894/877 238/240/238 880/897/880 879/896/879
f 879/896/879 878/895/878 871/888/871 913/931/913
f 877/894/877 879/896/879 913/931/913 875/892/875
f 875/892/875 913/931/913 871/888/871 870/887/870
f 878/895/878 337/339/337 336/338/336 871/888/871
f 874/891/874 241/243/241 876/893/876
f 876/893/876 241/243/241 239/241/239 235/237/235
f 338/340/338 824/841/824 823/840/823 826/843/826
f 14/14/14 17/17/17 338/340/338 826/843/826
f 279/281/279 340/342/340 914/932/914 915/933/915
f 916/934/916 872/889/872 917/935/917 914/932/914
f 338/340/338 339/341/339 824/841/824
f 802/819/802 41/41/41 40/40/40
f 788/805/788 918/936/918 790/807/790 789/806/789
f 91/91/91 791/808/791 790/807/790 918/936/918
f 788/805/788 86/86/86 918/936/918
f 918/936/918 86/86/86 91/91/91
f 830/847/830 280/282/280 919/937/919
f 86/86/86 173/173/173 92/92/92
f 915/933/915 914/932/914 917/935/917 920/938/920
f 20/20/20 335/337/335 21/21/21
f 335/337/335 15/15/15 14/14/14 21/21/21
f 21/21/21 14/14/14 826/843/826 18/18/18
f 872/889/872 871/888/871 336/338/336 917/935/917
f 917/935/917 336/338/336 333/335/333 920/938/920
f 919/937/919 335/337/335 20/20/20 830/847/830
f 289/291/289 288/290/288 295/297/295
f 333/335/333 335/337/335 919/937/919 920/938/920
f 920/938/920 919/937/919 280/282/280 915/933/915
f 915/933/915 280/282/280 279/281/279
f 868/885/868 867/884/867 872/889/872 916/934/916
f 914/932/914 340/342/340 343/345/343 916/934/916
f 916/934/916 343/345/343 868/885/868
